method,path,body,single_q,double_q,dashes,braces,spaces,badwords,class
GET,b'/canonical.html',b'',0,0,0,0,10,0,Good
GET,b'/',b'',0,0,0,0,11,0,Good
GET,b'/v1/',b'',0,0,0,0,10,0,Good
POST,b'/spocs',"b'{""pocket_id"":""{b9809bde-2c8a-4447-b668-cc36fad674a0}"",""version"":2,""consumer_key"":""40249-e88c401e1b1f2242d9e441c4"",""placements"":[{""name"":""sponsored-topsites"",""ad_types"":[3120],""zone_ids"":[280143]}]}'",0,20,0,3,10,0,Good
GET,b'/v1/tiles',b'',0,0,0,0,10,0,Good
GET,b'/chains/remote-settings.content-signature.mozilla.org-2024-10-28-16-16-00.chain',b'',0,0,0,0,10,0,Good
GET,b'/v1/buckets/main/collections/ms-language-packs/records/cfr-v1-en-US',b'',0,0,0,0,10,0,Good
GET,b'/update/6/Firefox/130.0/20240829075237/WINNT_x86_64-msvc-x64/en-US/release/Windows_NT%252010.0.0.0.22631.3958%2520(x64)/ISET%3ASSE4_2%2CMEM%3A7521/default/default/update.xml?force=1',b'',0,0,0,0,10,0,Good
GET,b'/success.txt?ipv4',b'',0,0,0,0,10,0,Good
GET,b'/success.txt?ipv6',b'',0,0,0,0,10,0,Good
GET,b'/',b'',0,0,0,0,11,0,Good
GET,b'/assets/li4a57d0tlr94tbl.js',b'',0,0,0,0,10,0,Good
GET,b'/assets/hwe2l4kxacska65l.js',b'',0,0,0,0,10,0,Good
GET,b'/assets/fjbhk1eyfrkqwuir.js',b'',0,0,0,0,10,0,Good
GET,b'/assets/h48ryd80qpf6x5pr.js',b'',0,0,0,0,10,0,Good
GET,b'/assets/manifest-1b6cdcfd.js',b'',0,0,0,0,10,0,Good
GET,b'/assets/krn34vstdufva8gq.js',b'',0,0,0,0,10,0,Good
GET,b'/assets/lzxdpwmkrkh5vblj.js',b'',0,0,0,0,10,0,Good
GET,b'/assets/k80f85p7anpqiab3.js',b'',0,0,0,0,10,0,Good
GET,b'/assets/oxplf6cxfz3c0uat.js',b'',0,0,0,0,10,0,Good
GET,b'/assets/c8g2hx7w1rmrlb4b.js',b'',0,0,0,0,10,0,Good
GET,b'/assets/fo6deb3nvpdgtelp.js',b'',0,0,0,0,10,0,Good
GET,b'/assets/iqkicjco26o0vza6.js',b'',0,0,0,0,10,0,Good
GET,b'/assets/jtlkpe7ec7miopp9.js',b'',0,0,0,0,10,0,Good
GET,b'/assets/dqfll2be0jevi4ak.js',b'',0,0,0,0,10,0,Good
GET,b'/assets/ofsz7dp5x29rjpe2.js',b'',0,0,0,0,10,0,Good
GET,b'/assets/m4al4aij9ktkendp.js',b'',0,0,0,0,10,0,Good
GET,b'/assets/fo6tre04l36swdv8.js',b'',0,0,0,0,10,0,Good
GET,b'/assets/l7sj814x8dzy5s97.js',b'',0,0,0,0,10,0,Good
GET,b'/assets/nal3ea45s0bmcyrr.js',b'',0,0,0,0,10,0,Good
GET,b'/assets/ea909066k64xc3ge.js',b'',0,0,0,0,10,0,Good
GET,b'/assets/i9s8em8lpa5bqowy.js',b'',0,0,0,0,10,0,Good
GET,b'/assets/buxul2ero00sqb2s.js',b'',0,0,0,0,10,0,Good
GET,b'/assets/fhyof2zh0mg7d65e.js',b'',0,0,0,0,10,0,Good
GET,b'/assets/hvccpwvgq463elbr.js',b'',0,0,0,0,10,0,Good
GET,b'/assets/mb33authk28iv753.js',b'',0,0,0,0,10,0,Good
GET,b'/assets/itag1pf0ggbvk6fi.js',b'',0,0,0,0,10,0,Good
GET,b'/assets/db0po6cencyb9sq6.js',b'',0,0,0,0,10,0,Good
GET,b'/assets/bnvligyulsf984nw.js',b'',0,0,0,0,10,0,Good
GET,b'/assets/fsod8iy2h6vbiduj.js',b'',0,0,0,0,10,0,Good
GET,b'/assets/jc24b74kk79leixd.js',b'',0,0,0,0,10,0,Good
GET,b'/assets/drn0me6j3gtlkegz.js',b'',0,0,0,0,10,0,Good
GET,b'/assets/c8g0fza98jt1ukz8.js',b'',0,0,0,0,10,0,Good
GET,b'/assets/jbv4s9exq0g52oly.js',b'',0,0,0,0,10,0,Good
GET,b'/assets/ok0u5qvj4oat7txg.js',b'',0,0,0,0,10,0,Good
GET,b'/assets/iv63c84zdnshpn9k.js',b'',0,0,0,0,10,0,Good
GET,b'/assets/lc2pmkiht993qt7o.js',b'',0,0,0,0,10,0,Good
GET,b'/cdn-cgi/challenge-platform/scripts/jsd/main.js',b'',0,0,0,0,15,0,Good
GET,b'/cdn-cgi/challenge-platform/h/b/scripts/jsd/388c99dd0998/main.js?',b'',0,0,0,0,15,0,Good
POST,b'/cdn-cgi/challenge-platform/h/b/jsd/r/8c3d22272afa3a26',"b'{""wp"":""NGQUWBHXW2QWD$IHoHk8vUBd8w38AfACCBXHc68KjdOjRQ8MKEmIj2HJ8DoQiVGG8w0C8Y8CdCQH8hCHsI9U02Gr-4UKjnG3wLJk$N8vDE8SUKMtd8I7XKfQ15NsvcG72C1ZO6J8BfuUHxoQB7h4-GhQKU8p8DH8BuE8ltXw88l68nuxB88r7U80$BF$$Kehi8m8llQHV3u8IRRAKuURzm8IemgZCHfXCWt6bQ8QemjRXNA9CBPOSO9PblyeJwsm0O9Ft2y9hV9Z4bdZXYar8HIn2cn8QRdXCHleUHBjjhWQoYGKcYk-CYvfcytFy9FYdcI6C8GPXC8HsAGZQGB8zWmDFU8VBl59ywLorqmVHfHwcnJfrMdsXOgAdy2Fo8WKeYcoZRAHWuSMC8Hyv$q$zP4PUgsbmK9hPbpaukM8NZa4SaM7wJQ8x$0m-XeebvIVu4jQzDiLNWJT$TB8HdDODglss7anBsqhD8oJ8Oz92xtsK8T5dAHG$8CXC8JVQKYNxTE12AD4MQWHfzwq-jGsem3vuakEubG99lmJt4p7eBudEDdpG9KIlR5HC8Yxb3BNRBXnvKbkNu63uzdyGs0I$yma5NaejjGJ9Nj95ii4e6WAXoiZG7WdOmFKsjFgblpls9GwyN6cmkjjkcwiAVoPgNRN8IRUVN5zVahJJSdlOV5m25XJPST3FiU$8GN8hwKwUzHG$LVZF880YHydumWMHumnKwQ$eYHGR8zWFDUWHKSUWwK$e3wQTQnK8L848Cp3oBjw3Y$KD0yFCAu8WXtsUMHSKCmC$iDk528MNHv8CnHYWC68VlKdnw5Q9EK8uAFjBWnHW$KN8msu5UE$KCFh8G3R9QGeaYcFbdoWFDd8dGwUvlV3HTQGvdgwXcCGBIkdOlXOH3YwH8z$KnQG82i3aN-RAbvm7k-$I9uBHuLkDPWbQLBGdR38uWTwkBoQM8uv5X6fEzK5Q03$irw57NKYBFOI388KpK3uLHT8unHtZCr8DNKTU8wVwNKzVdv20PretqPxI2a7oWC2GMWFyRRlFgZ5$KyeHrwrHaVy0AelCb1c7Px5KwKi3jIPNLkeuwBCvjO8NRGwWf7CYR$uCwEwNGGUOLPTxZKmXF6kDcB-uC2VUzQKwGHuRPKw2JFEBEN8gQwO81wfjdDUMRGEWCyQFYmNH5wAN8yQuhu8lQXW$HA$BlBPW0sJ5o1MHQl208GUTs1Fbs5wQXzh1KTAIwaZuJ3G63F2Cw33sfsUhZlsWopFzAfNCw3leCAeqKRMHvLG8SXK3GUM$CUO7LF2GmHCbFmwf5o04ctiiXcu2R$pOHleMK3MKGb57PpfFUo28R6z8DNCOWtziJWtGocKQIJMAYCbz8QwkS0L2kR82zIMk3YXtHqReAkdY2WkauAxvu-sMSwrlEfh-BauhM8Qja-V919rjwZpKw9FArjWNAJcLWBUHa8SwmBH--RgJuhaa1O8oaGWTPgSP4sBHs3mZG4FX9QXwg7E6SnR2YymD8NTFHH2duDYWHU-U2B6jCg-6O4BNaGxtCQbWP7vAC$7SsdNWxio90CSs6nnBqZFvk6gBc1f2wQ8ubhwMmKlHO7Uw50$CFjKAKCvUT$0uHMFUwwYeU2HgO98UA3GFKWMvuDEYAzj5WNwuXoy3ZWy$DTPlOXuBHUtVFIlCI5lN2eqjCw7Xwg$X8FNPHCiuLWTGjBd-nS89nLACZGHZ8UlHx0HyY04pU5nmQOk-sppBW9CfIQFIizuw8P7VKpsvNnAH3W-0X1UQgI$QTLKY7mwBlX4zYorWHy22jRvOipVp88jUUQIIUcPcKPlJBAsVG0cirwUDCvUEWKT5wLR8x8QRGb1rp8FZ9xuUKV$4AKZ32dGdANmH8LCYwGW$eDRQdHqDjwj7e25lIVuudu6CYQ63o0dOHPj9evCsfkAw5RieqLZKH0wnI9uhEhBodu5GsuqWb1c6eYphEA8e8FC8$2IvCvIFaLAbsYnBAC$svnmUMWlSZ4o$f$WK8GVCAukn5HHZh1-nQx8IHgWN3QRonThe9yEA82G5CpQEB1vh4Fvnx3zYP4mlVp8D2G8w2QHRCDrlswwKEXF8zq8jwn25tFT5lHwlmuELzdcnuQiEPQpPBm2WciHAH8F5v4igv58UT$vKixcvO0nlwBH70V$WNK-2LZXBTwLHeI5LvXW0IspmraiT2JcvEYFH$Hf0bcI3Wue5w8M1xv24XgZmZqRIlWVXfuTdKWamNAjlcPbIBgeuRBWt8$wR86ARzQHGpluEePLQGsV5adABhvwUIx7QCxAyuenyTESsUNZZQvXwns3ePMKUY8Ype5qYrHR68QIUw-FCiG9uZUPkeu450AAJ8DsuwYuBe3$81GH0nnUC32ICB5Po1FyotcSx-FCYjABKt48mLIvyqoLKHiAvR1hlerK1JJAWQBVH79ke9TTZufFevMZimIp$DcMQUoGi$z5r$Mj7DvAy-LbQXHKGTCnmk$udl8BlkbUyUPRSV7Ctn7$ydnbRpZj7QAmFlCwjy$7aJ2Jn2QHldHxOiydpMORXlAJgO7yJWbBCvcQKUGgsRYZmQoejJmz90xj0MAUGdsntcJmEwt2obzLWN1Tn2-fxmzdLs3JC74v5btVzyvC8nqZUPF7lyfeqSbskaueiYsdP9y1bmffYzBpniLI6QXId$BymV37964Kzd$fZke2B3buRowPc1tNmD6hG71F29vANyp2SK7SBswiUYCGv$OI$D6uL0fZbRBlX4uhWPvPMjBl1DmUPKvjhDjPQm0eAABsWOSna$s8t3QjhVC2G2H1fvl8zbRbyKURhfPLziaEPUtR$r3cD$dKcycNVAMHdZSvvVB-3M6e60sOgv8fCiYb7ScuK0S042EyvYGwo1Vo55vYeQHHrFTPk$SWKeGOQM8Jmm0iTcCK7BLfL-eje2AOLKUNsTv56wunNk9uR4P4N$8WxZwAnFrwq2NHpHF8AJdc35Huc8Xfg9n$pOoUQ8MWtexqPAcuWut3GCk9PFm8gajRx6UM0EmnfzGmXnykHY94xN0eZ1du9CRUH15n9$Pof5UR10kMtefpMnGDKktA5SfsJYxcKMBR8AGFcVhImeEBnMwwg4HiNma8ipqflNfUY7s1-WaZA37gcg-ufkSxVumKP3M7TMf3s5WDEY0t772KzPVGeAwIvUoG2CK3knoe5Sl1LcVGvFPJLAtDsd0bNry3OXDWfk10P0b$XgnpqfUbUP3AHpGASsk35-6gaBXvuBZJdC4wdZ1xtgej2LpIRHMpKu-uZ29lR4mHSiAL1F937h37$hQ6AC3p2VRVh2Fav74fA8JrHX3Gma65WB8FiFizdtJV3rSgWtAQ4zybaomWc5s-ZVL9icMtFRi5ML1Uf8DD2cL2iG9pnDUaJM9gu9D6aVTtQg1lzl8L0zJiRGFKfbCAxPFuWuuLaNuLeSFM8DucFSvSloa2x4xKCtRRWBWna5ARkgt6uhGmBVxu8DHj2gusdsdFHfDWDUA$ugHUDEuj8BWu1NzzGjWntCAZncBNx9llAtCSzE1gAkTqd8vDKdkL8MxqGJx53XQHUTFQDEBHviT1Qw8qfbCQKQxORitD7u1tzNHu8XaXxKFEGaFbzYvNWbDUTGDjnVRL2cRs$2BQume6WFKOvY2r8Maqd5nlAlW5K5GgWjURHKHGPdRY1cvdnKH$xB5yWl7HTb0Zad2uHVzO2qAVn4xtPtC8T2kRiLWba3KiH3nVvVKSt3RVzARBlxeLRPlmeAB33QBmPbnFfkCjBGdNCEeAQ40DioibQ9ny$TuYlXWrQ4UlWWxJQnvp1Tav1cletbRj1o$$29AN7mtb8XDEFbGziK7zKnKEBGtd26D-GjHv79nr1hGszh2uHjDFRVTIHw2f7LFm8i$edyu3KH1I2OkNWdw1lR2QHV27e1WmAjAow2tR$-zNaS2aw8T7D0t2aHtIvJTePrvqKLaWRMAXB3z5Aqz1GnFSaUZQBQPC3in58mWRkczuJSzYvYK2l6ujtBRIxb3A2xd2H$2DsQPMPKGc3Hi$0b3a1t12UJvNBeTFtO3SfuCkTHaSDN572UZkiMMawizE8XngWKdGWgB-wTvavKn3iZ843$GPJ1Kwt4PxTn7eQLWpiLuMBfPXBEkxCJRGCDvPe$PvKL87DWerajwTvjWc1BBcKknuWTWBWSwktbB7kg5XsyWBJ7a3PSi5MCxNtDPYJeuSDMGn$WnV1VPZDM8c2zRi5sGStlDj8BJCGtCPTP1QlPdnTR2oB1icw4PunMuMWDweB91CtXBM7cBr8HUswUk1zwayJWnJKS$8RsG2dhdzv-QMHN3KBWwsBIt2aE2rKeRRKxwkDLPyH0duTQzd8RZDZ6zKDaRavQ8puHx2UuFf2uW-KQWBZyuYG0lYaMaXw5WgTJigks8CC6FoWQHAHMncHw15DiZR2reqe7CAZO2bHaebH61$$jzTuBt3RmwdtcGoi-zezAACmM8B29QQWDKG3G55AWKaZO8pxeJc8Fwn2swpxcl6k6dFB4KOZdZKe77sBhRmnIn0lURiP-k5v41mbS1GeKBg8M8F7DwutsH$wBvBRxun2r8Ani7jHWTLCMyzPyGnAa7lFhz$utkgkKAnZQ7fSxARiCxmkxZN0aJxTBsQ7-vKB4QsGQ8TxqRjuf$QbYdT78ie7tvUwDu6dCdQFQBMWJu0M62gaOKhe5$6zTuryOvOafbtslA8G6eKDdslTYtfwksC$5u$wbvj5o8m88z9KM8W$8RybedcMCPyB9DP8$QAMizi2YmMWYm6DLaJ8J8s2lSaubZQwTQ3is7kMU8BWtPVKtMLSLBeeVzpSgzMC8vyn3Qfi1l1Pyndw2GR$GF4w1JUdzAcTIaBlR77Tu7rTgSgvQ8KiUSNe$1zsG8GscHGsn7inyD2bS7MxwWW89bcWBJZbEn6iOlgliSJC5AxMXSbleGZzxe4MJZLeZMMxca9ng5cU1MpyCsDCc3efc0Ne9nGkBiEPaKyAynDCXS$K5bLl0KMa42cCJ1neDGse2ulZPvDdXu$1EumKEBMePlsWO8LKcJB1xMJJBZ-bzM4moaI8XCXSDtbuu80a6D72raxJ8JAZFWqvD$yuylc54KY2aSWwTGhDiuAmkxPu3k7ToPVRuOJTDiKPM73kgu2C45Co9Soij5kKVyWZ2RxvxnEiXBZm2yEKLCBixTDwSSUJOlsSsSWngWK8T7oKhZ5D7F62yOgkJdvuE7xzXZ3o9AJZwQjBwo2tmf8CiaPwMyh$61GxIsIkOQRi4DKSEWzKnzleq7gdklJf4$7PF18z7eAW-0jmg2Tek1LHJBbyUK3b4JjMAZK1WJKB0suJw2TuvexK4db1XmgtJyj$X1Xw6vQzye$GYOna$efJ2eZubuadS7LBRFMHh7v7BJN2yiiTNslnb2uTi2gbG1ozpewbCMc0eJWHuHMi-bSxdavbV2eAzWHoknjDgOwxWn4ONW9Mu8MaUD1$ks9mJyJCEeASPyXBceMdeMpZsm8Y7l5WJioFAZw$b137JAlPqRNDywL2fmhtWmrZrMqo3SVib0BAXwIDWumwlnY2YOKATbxRtjVjUWMxnDrWh857NedRGkSyMjtPAMGJUPynWnhPL3$tGKT$GnGtdONHem2CVAaZBsRotevSzmyGnmmBfPqQXAl7lel2PPwtuNpJgkN26QUYCw-cuBGFtT5b8luCXSdtU0SsIDvDC2qGCJ-ANtTkXZuW3jqzdxaG$2$xSsqKA8HKK79R7PWoWKut1vGjpnEHlszKLxTRSMpbyuJsz6dyzYb$KcaI8xfylTGimB3cGCwueO25eCA8YcMAW2uQkZiTJdYtm84nfi1uZK5RASaC67KuJDcTZW7z8Zxw4M3a6HEAC6OQ2ul2D1TIUWqcy6eO8YvTsGuYlwjTxA3D8aV2M8eDmmeoP13G-GUlnQadO1SWEBNWEHWOdM8T2JhcbSg3QFaDXngsERn7kNwuxc6GLTUiN8fWHn8Ng7rSgdhmHjMHS6tKAMXc9tl1blkebQzAQWgHEj4U4AeCyWumNN2HJM6tEbuyjRVzCGFGf$pj3GnzVTzi-G9e$wVKrR3mlYS1VejzODAFmB7GpmdGOQ1ob76srWQCoO1JXjm1oSN7pv9Ae2677tcHUl4opZ4QQWmnEnAuQmEBeCeQRN1HjS-0E7CGKa7FcUesSzAmCedIhf2a0cmwtrqvQ1cBGTq0q68DOZOMhbXCYyxMMWHlBtzDLt5OQS7yS1Jz3Lzw2GI2Q2jRqj2CDHcmvjUTu$61jKRVtfMnocuJKeX-Q$8lSo66Dyko58S1baEDubB17lGWxjFAVsNbYFnrrW7TbxQ1b7rrxfUCzTxcfLacwu9ZDYydS12UOPkJVWK-$52wUSByZKwW$wWIfbt64eBjpbO2yMwB1bEB$-5CAs7wDDbLVeXNO25CxLhK$zd6Xme6oxb3FFpVZVSzYD01oQ3k02EkQ1eBbPtbO-XIOsMP5nxNuJdxGFmb61VeIO0yuPt-7TNcSdO8URuZyPGw8eViqM2S2tPcs$Er9yQXbYnAU$GO41O8EHfOzjLJJoKe9bE2zIKMUnsOORKzn-jpvSVb3VzaHC3A1r6NYk$$eeekCNGM5eVycTeGHTVpuH5RGdedEDFL9TFGUcnIpS1oxcyHpPSN2N9Si5kZVzmhA$A46kuAyWIBMiQ2dGujwB9bO2wr-Nw7oKBPuvJTMBD82YK1I4Bp3-QDzxtGzO3Sz7Vrz67r0Gp2yblOqlw4ynv-zTMtZY9bSuKzjzh-gdnpq22xHY3N4fCnoouWsBnlMF2bQVZllzwOHwxSbIq-X1z-Wosyx6ucQB$JUemiiKuBcGhuOtUnLuE7KpV23sCnw2NWCMB$8skIlBFGcyry2RWniDHPsjMaChkPvGRDrT1TNVsbLhPhQefsCPMtlpb3nQ4UzDs2dGRDxhlCfhS723$SBBl10-Ppc1KFNK8T6CuYgjnOpzoI-uebGCXmwoRQq$jAoVv6OmPYOt9bDok-$wGj3aWRTaDa6L0zYQT1TWc2eJWnRSLWctn2TK9XAsvOE8$vEA1sJap70rJC4b9IkpQdMfrBWyyBziVYjnWLODNoaRhvzOD12w3LR1BMYJgYc8XiPuQWOsyS-s3fP$weOD6IxV2bAHXWZHqesiDw8Z96DOxurNiPEXCpACf4FGhOt4zxKfaxobBXR7NLbl5pztXX7JkwI-SW5KTsN0AymWfF3x5eKnfq4LG-EfcJU7ov$yVYaSPyLDNKHAJvcxSwQ7dyq7q7FujiCGPTQ24GpbbaLGpxN4ye7CVD-wvbderXs9VpzxPgCaf8PHrH6bXAtW$qQBZEpObSNBcScycvL7KpKX1wjJ4o51NyuGcn5nfaqQhyJpYkerH7CdsRswprzHTt2a6BE8EPIAkCSL5n4MlQyidOwyHfQeeuVXsqRPe7LELHE2-RVkomD6RDMvKWEy1lZqnG$2qyNrqrRvlE1exl7JkS4L$mFAlimNwPqPR8u8KBTdAtHM-wrM69ZoJHTNjBtLmDeZX3rnHMeIIHQIIlbylHdpGEKSqV6AwPrZXMbWbX5O3H1yXyURTWAs$3fQ8n5829HmZub7xN8TKh8wBYIdmUbzgIPJwc3VkhAPVvlK6T5MNwGun$Dg7nv35L3kvpIjmfglFwQHsFqVDs78uCAYZ5eYdDPj3b$i5JiCbdHlsrbOKnWn7xCg2V6$9-Wca3o$lmjHbH6LHD$SLyj0fQarh0MxwdlmpJpUKYkruLUaMYZ6ZI18ePGdED0$HX-GMCDmzifCoDUhSfkeCctt0pQcZ1fid6855CgBmuGmCQB9ofkVw3MBjNQK8l8diHy$FfX$VKdhghCi5jW$5NHBKyC4eNGNy1VBmhr82QRXUF2YGkDLmDJNml5WBngY6lv5NK$XHcKPQ2tnqZrs2wY8CjSeSaIA3uWn8$8gmRGYWKF0WcY3rq1xMw84tX8ePDFZuDuKDKgZKGix$SlVvL5UQTA-8KBR3WU8vLvhMClQv73hQNWK8TCPGIR$9TVHTQSo$8K-OWWOWII0FuIIElSG9Hv81FMQSIMgw0d2Q7FrjH0$-HVDAUGQ9c7E6WWC5X3XfCtBU$teC0soLG$1NUbniUd1FXM$K2mWnKQ8thjcwhBmsR5aXjARCn2QeMd$n8YrdKwMpBInnD0Vu5-IKCAYTQ43MwbF2KbZMEPaDjGkQJK15HxHDmRAUu3b6b0Q0HQ5fOQUM1pfZKlnDnpupGAqMgwU57UAKDhZBQ83yKAULDXnlC55Wt0RYX8vmbKB7WV8TMmKXIHlMDAG0elGDYwIBJLKge735MnjhH5W8r5l8clnCBCKrFZ8JnSuOlNRmvlw5UdOu5xueJp$oUQdQDqlIaOW8EnFDBUCsZPfrBYHkGUbWPLPQBdF5sQZ6bUbdHlWR5asDVDVbK8ZnGdHEq8B-s2IX8izqDX8wVS8HXHr81nqU6wi2nhTvu1n1uFw5Z5fByZNIOQjmsL58A7CFupe4Gz9mZGm0kn4KmM3QWtKb5r3JeRXCPsy$6ExClRnKDnwJKx563MGUF8hvri7BLlU4zmCBvPBsCouGDvNZmbrKZ8sQ0GeI2pivPNUxm$CpVHtIyFJLWjTVCIzt6q$Pjxs$iXmzsfjik0un-FsdevC$wb03gT-IEmeMZ3u82n$u-$YmBmAjQldH8C3ZIvlAw5SdravBnmW4w1WqDzKeEbK$XBXd6doKEIitBLvCaFrDQPswAo7zSHhDAayuWAQI$NKG8WQOQUo8n$cHddwZlKb4nlT3U8Q686PHZ$ZCGCdwRCYACeYKHvEZmEph3i2$a3aECusMECXnQz35FWgqINE4nNIJxWkRpuiA$eR$3rRYCLMhI8uWU8f828pPy2N1n8HCC3mWFsUwwA8C9CJDxAS7NyHKWzmVQPKDlmZiGWHArQ0yX$W$NF8UCg8fmM8vhZPHXCd8xD$uRZYqzsdIwSQqEIEb20Dn0XKe$-BCwIahnodr82TI9oY0J$TKa5ygvyBYugA22i8SCDGsXCHAhr7DrBVpiAwo5l8ZlC2WpUAMbXNdN8Re6ZKf$48B3qmk4I6nTzBCirPKYQRaRu888eAFYVWlwZXUD$i1oWrkenBexmMH83sj0U31cLCWKb7$vWwwlH5KgBzupRsPxxNb353SJ5wBHvn84A6q4Bp9R-l0ItHV4yTBWIDFRpqemCQdJOoEeYduUNUbVeR8-P7BAee7QJ$WYGQbpb3jyy7iyU1C2buU9DB962o2KA8NElk2Qww0tUpBGzCjoAb0jMZn8PnfkImbK8fiYWyIToKuIq$a13UJKI915nTC7KOT$Q$DFwyUQ7wtbtzGDTaHyRl7KCld8DT6B$$Z73UTXAgNeJ2H4iFGZzRzQwuui63lk$rAh6KzR$PH4VLznIx95m$s3Rz0zeCrjHHw28b5fUOGVbZXHF5uREHcKoASdi9Z452RJVJBCw87wgfagQXFYpiIDsX3tC4GimTwQfJHnydvaDhZG$u3-Zs8H8mF8GvptOWuUCYRtl3WO0cehuFDJ6HncRJNul8zK2fPxvTZc0FF0U$VyoYC5X3KUZF8S-XMQnPfKudYTMvAs-HbKjGyK8IQvfI8AMRa8-Wfrp$lM7NzaU-HhngbXDnQg8BMpdQVJGH$Rs83dK8$$NctQCM8XKHBvUBFUCn7n$EaVHzCuanTKUqUKPngM6sJkUg7U8U6nn6JlF5RQKwo8g5F5IC6K4tiYQ8Pw51BUFs8SnBFH6MeHDMVB3V3YM8SRkD$NbzuIcNuijBUFCmKBQc0VTFl1aIF0$Iqmu5uv2gslmlyCrQmyCkBlXFH2H$8SN3suXB-Lv8u5w-fIPX8zgmU-f5OGTa9X7CIbH-MBlIXiG431457KL8RaLgS5NEoKyOGWQGEO3hQKynSae$uK432oBIFVvGl7ELeYeTuSVQeBREkaRhn6s4ko$yK8UNWKu8JfvjCDWQnWTVyRQVoqCcg4DufUJk4ANEtGueWImglcGm3RbJwZwCHvo33alnmUBIWnzi$F9vBNKumHc8Z$BAZKV4d6MevtRtA5JH9KVbnvVZ55eo6Krfyhl1aLDKa54vKBVFlZCmlFZ38UmblC$okbg2nHonujTaqa4H2Fe-MynayyKhfwdN4M3HSQNEuzptZrKMIyFG5KII7MGHH3k5trwhAmZV8SedZAf38Q0CilWlmA5Hb7BEdjSinyVlInaPVLIT-EEDREjdKPZOQJf7zEITlI3lF3VnNaLC4zA467W7zNZRWipPuV5yrA3t7fsgSq6OFblXXR8QHmoRHS0E2FdiYRnGZHmMF9DpAg$zMe-ZJCubqjze4BulyC72grmeny5LdyflWZP8WDUAuqHGRBdS5f5wA7Hm$0jdnAGFwBc7Kzf8b7EdFKf7QQzfA83VKgmNWcvxnFbBqwgSfrSzwvhb$GeHlsmym5P0I6fsan5A8AB7xaCl6-R5yry8P$bgjKsvB-jQZRIAXPjeC0TdUfPUKtPcg4WnU5QjmDKPfTP3knRDCvbbPMc4VF5b-l0bMucb22PKbtvMHFPsCHg$Q5XzSa6EjaQwPNnDCCc7UC3NGL4My5I87l7BigZCHsQR8B2PRpHZjSdlIcLUSc2qRGHf81zNEdNyGY2b28xmSKreyZBSkOdmbuK6HhjuC8P$9uglwA5XPzMOkBKv2sG2GB1SoPzX$2CRA46L0Tjl8IFVX3$BiyGMhmpMVpTX3TMZHrzlMNtnPlCWNLhyhBcZAm80S-kXKvTW$6v3Z$1PkDqPxlJxcLKL3WceCbVvZlcR2k3Zlt0ZSyIObnHvakX7Z1sP6mj758pIa9m5P3bjkrbCxQ9nU-HslaJc4ty28YvvQ05Ad2KfKbKBqb0cGN0t0Y4H71ZefYapiQcKheP5MExCK2gBQHR4SZT7altebhw84Z6kK$$wLgmnQVmL80cM2dCi-U4niPU$9AqW14Y8yRFu$ACwHzdLqSN3PN8sZHCR7Cbu8CNyBJHznwf5B25$vhimCdrQOf2l$f81ryR-QyRu-Rvzw0z3wK8aFoNkBq$vuVIcl2RaXK13TneKby2R$OPu9AQPAbK1e$yUTVyzrmSxGjZJwMnp5PEoOGWbltgrnuPEc2v$bdsFjSF5Q5Anacdw-c0nI-sbRq$ltg0TnrVm8QGLA8hd1KeuOovS$$D7BHG7c3iPDcnyFRSGPePX14$$8DRDZelO3vPF1sZRbZVGjeviNNwZRmA72OzlmbltZRn5P6y91wa6yGeDbrQcZv18GKG0zmV-yb7uVNw00AruUbNv6cItNezdutyB2hZ1sqeh$7QkrC2NufVcmhuwQlGZcIfrzbRWZtVfAwtftvppuoyUNYN4fd8Mp7ob319LnfsG4LLtF4E-LbfrkXnLrmzCnMYoea4HHhb-1YNxffARVPYO1lVU7PdxSWu$mCtbcClc0zN-3SM1YNSte7CL-3mZlEpmlx7zgPdSVlAptlF1hTLdyL1VpEl07zdV$PaRIpplZF3breSIxTVYo9ZygL$1NUmpqyMFB3Lao82JNzVBbb0eSSYPgKqoPlT2VawXkzpqlFa4beuotPuj8Prg27VcSAxjL2rkKLPPcohPSblrfihtPZc57TpZPGcSvPZbS2M80PtOm7LRKstbcWr0cSPP9Se2np$w5w5CWKJD2KNWDzuWARfsEfXdBwcF6I-HAwXGQAoPQKCKdCdxplWoPGit8WBR5xCdB-8TB88BjyDAGiyvnkgPOQ1UHQi7W7$H8tdEG8u$K$4W$8aaqVbQ8PTKUdRZuIQbUvMJDBC8889NO7Ubu8m8dKmuw$Kr8vfjHIQYQRXHGJfaS8NvXGzZHMBfjeE1uurX6-MsOd8mOob4b38hQlfhp1UT4DjN1MsHoaPwZ4mvIuBLZFF-IRR3YVaH0HGFWXiEv8Mr8FR4FJQnEUCKbfSH69ABTV$OQltIQ5lxu5V$kRG8UayoJQXU6NN7WV888HijWUYdUuUD888NdFiuW4Xp8qGWx5SHuUUKTURG338ObzhhMm8fgI28H3S36G$tSU0WWMivrcHO8$fHCNFw88$N8XXSV888ZiUpewSp0HNSwKN8XSHEiN328TaICzIBMir9vHV8YFXG6KpGW5Ha8oUDFIK8VWXHJ8g5iCNqRQ8gCyKw8HC6XwGWQ24PWFwxcJ8F8VD2F9D1UNqdS8KK4FNOuINwwGFV82Q8TYL0ERYCz3-PIaQEInxqCeIwKIUHkOT8q3uHeNAUHTb33YCDn5Q9UwC3niODVnxQRf$FO-3Q8XKQ28NBiWQc1RHCg3Rf$s19nyKwBQXR3BQU2nfXtfTMlEie8atvCZnJ17IyC7fVunYOHCKe-ujdZkXJQD3pOLD8w8DDZnETnFmaW9xH928D443Bi8zWDUH8wKNMWw67tG0r8I8$tHX6A3vWD8IGY5WUNUHZCM8QGa8BaWz3ZFKwP5HEdF0r58WSgLw2dR86vUcc5FcT0BikSrTa0bm$8KU$P67wC8a2PqmYKModEO0EVTM$5WeKnCuNvjsK88wRrzrCLUKYWTcum0uxhLjZOLxcTw39bnx-b5KtvIQPKYC88va88"",""s"":""0.5675582998453138:1726449071:CPRRHLw1AYkNG-kPt6kangzhXxrg-bmAaBuhHGR8EqM""}'",0,8,1,1,15,0,Good
GET,b'/backend-anon/accounts/check/v4-2023-04-27?timezone_offset_min=-330',b'',0,0,0,0,17,0,Good
GET,b'/public-api/conversation_limit',b'',0,0,0,0,17,0,Good
GET,b'/assets/iouu4ut2qhq5g9tp.js',b'',0,0,0,0,10,0,Good
GET,b'/assets/iwjaknd9tz35cl8y.js',b'',0,0,0,0,10,0,Good
GET,b'/assets/hwsc264tzhu6xfsf.js',b'',0,0,0,0,10,0,Good
GET,b'/assets/iej0cupg2dqkmejt.js',b'',0,0,0,0,10,0,Good
GET,b'/assets/ept143argfuymv00.js',b'',0,0,0,0,10,0,Good
GET,b'/assets/jk8w36bsokizpx57.js',b'',0,0,0,0,10,0,Good
GET,b'/backend-anon/models',b'',0,0,0,0,17,0,Good
GET,b'/backend-anon/me',b'',0,0,0,0,17,0,Good
POST,b'/backend-anon/conversation/init',"b'{""gizmo_id"":null,""requested_default_model"":null,""conversation_id"":null,""timezone_offset_min"":-330}'",0,8,0,1,17,0,Good
GET,b'/backend-anon/prompt_library/?limit=4&offset=0',b'',0,0,0,0,17,0,Good
POST,b'/backend-anon/sentinel/chat-requirements',"b'{""p"":""gAAAAACWzIwMTIsIk1vbiBTZXAgMTYgMjAyNCAwNzowNzo1MSBHTVQrMDUzMCAoSW5kaWEgU3RhbmRhcmQgVGltZSkiLG51bGwsMCwiTW96aWxsYS81LjAgKFdpbmRvd3MgTlQgMTAuMDsgV2luNjQ7IHg2NDsgcnY6MTMwLjApIEdlY2tvLzIwMTAwMTAxIEZpcmVmb3gvMTMwLjAiLG51bGwsInJlbWl4LXByb2QtNTg1NWFkNTM4YmIwMDViMTVkMTQzMmJkN2ZkMzgwYjMwZWQ0ZDUwYyIsImVuLVVTIiwiZW4tVVMsZW4iLDI0MDEsIm1lZGlhQ2FwYWJpbGl0aWVz4oiSW29iamVjdCBNZWRpYUNhcGFiaWxpdGllc10iLCJsb2NhdGlvbiIsImNyZWF0ZUltYWdlQml0bWFwIiwxNTQzNiwiYzY3NWE3OTgtYzE3NS00MDAyLTk2YjItNTRiMmJjYjNkYTQ4IiwiIl0=""}'",0,4,0,1,17,0,Good
GET,b'/patches/2024.9.14.626.patch',b'',0,0,0,0,10,0,Good
GET,b'/patches/2024.9.15.990.patch',b'',0,0,0,0,10,0,Good
GET,b'/ces/v1/projects/oai/settings',b'',0,0,0,0,18,0,Good
GET,b'/backend-anon/prompt_library/?limit=4&offset=0&model_slug=gpt-4o-mini',b'',0,0,0,0,18,0,Good
OPTIONS,b'/v1/initialize',b'',0,0,0,0,10,0,Good
GET,b'/backend-anon/prompt_library/?limit=4&offset=0&model_slug=auto',b'',0,0,0,0,18,0,Good
GET,b'/',b'',0,0,0,0,11,0,Good
GET,b'/update/6/Firefox/130.0/20240829075237/WINNT_x86_64-msvc-x64/en-US/release/Windows_NT%252010.0.0.0.22631.3958%2520(x64)/ISET%3ASSE4_2%2CMEM%3A7521/default/default/update.xml?force=1',b'',0,0,0,0,10,0,Good
GET,b'/osjson.aspx',b'',0,0,0,0,10,0,Good
GET,b'/osjson.aspx?form=OSDJAS&query=am',b'',0,0,0,0,10,0,Good
GET,b'/osjson.aspx?form=OSDJAS&query=ama',b'',0,0,0,0,10,0,Good
GET,b'/osjson.aspx?form=OSDJAS&query=amax',b'',0,0,0,0,10,0,Good
GET,b'/osjson.aspx?form=OSDJAS&query=amaxo',b'',0,0,0,0,10,0,Good
GET,b'/osjson.aspx?form=OSDJAS&query=amaz',b'',0,0,0,0,10,0,Good
GET,b'/osjson.aspx?form=OSDJAS&query=amazo',b'',0,0,0,0,10,0,Good
GET,b'/osjson.aspx?form=OSDJAS&query=amazom',b'',0,0,0,0,10,0,Good
GET,b'/',b'',0,0,0,0,11,0,Good
GET,b'/',b'',0,0,0,0,10,0,Good
GET,b'/',b'',0,0,0,0,10,0,Good
POST,b'/v1/initialize',b'==QfiIjYqRmI6ICazFGaiwSZzxWYmpjIkVGdzVWdxVmUlNnbvB3clJ1chRHblRmIs0nIxQWYiNTO0cjY5ATNtATZjhTLxcjZ00SM5ITYtUWY2ITM0IjYiojIElUZsJWY0NnIsICMuEjL1IiOi42bpNnclZ1akNnIsICduVWasNWLzpmI6ISZwlHVrR2cisnOiEGdhRWY0VWTnl2c0FGdzJCL91nIu9Wa0NWdk9mcwJiOiIXZpRnI7pjI05WZt52bylmduV0ZpNHdhR3ciwSfiEDZhJ2M5QzNilDM10CMlNGOtEzNmRTLxkjMh1SZhZjMxQjMiJiOiQUSlxmYhR3ciwiIxQWYiNTO0cjY5ATNtATZjhTLxcjZ00SM5ITYtUWY2ITM0IjYiojIklUZjlmdlRkIsISMkFmYzkDN3IWOwUTLwU2Y40SM3YGNtETOyEWLlFmNyEDNyImI6ICRJVWar92bDNXdv1Weu9mbBJWZXJye6IycElUbvR3c1NmIsIyUV1iblJiOiUGbhN2bsJCL9JCd192XkV2Zn9GbiojIzVHdhR3cfhGd1FmI7pjIt9GdzV3YiwSf7pjIzVGd1JWayRHdBVGdhZXayBnI7pjIyV2c1Jye',0,0,0,0,11,0,Good
GET,b'/',b'',0,0,0,0,11,0,Good
GET,b'/',b'',0,0,0,0,11,0,Good
GET,b'/',b'',0,0,0,0,10,0,Good
GET,b'/images/G/01/csminstrumentation/rd-script-6d68177fa6061598e9509dc4b5bdd08d.js',b'',0,0,0,0,10,0,Good
GET,b'/images/G/01/csminstrumentation/csm-captcha-instrumentation.min.js',b'',0,0,0,0,10,0,Good
GET,b'/images/G/01/csminstrumentation/ue-base-1c399ad9886cab69575e1e5ee15c61a1._V313498596_.js',b'',0,0,0,0,10,0,Good
GET,b'/images/G/01/AUIClients/ClientSideMetricsAUIJavascript-51171fbdd28e1a7a61e922e8f0272af8bc74d37b.secure.variant-desktop-session-snapshot-keypress.min._V2_.js',b'',0,0,0,0,10,0,Good
GET,b'/',b'',0,0,0,0,11,0,Good
GET,b'/errors/validateCaptcha?amzn=a0%2F0wy50DwwrwIs9T9E3gQ%3D%3D&amzn-r=%2F&field-keywords=RCJXFA',b'',0,0,0,0,11,0,Good
GET,b'/',b'',0,0,0,0,13,0,Good
GET,b'/1/batch/1/OP/A21TJRUUN4KGV:257-6236976-7291065:0P6TCN2G334ZVAG9V8V5$uedata=s:%2Frd%2Fuedata%3Fstaticb%26id%3D0P6TCN2G334ZVAG9V8V5:0',b'',0,0,0,0,13,0,Good
GET,b'/images/I/61xJcNKKLXL.js?AUIClients/AmazonUIjQuery',b'',0,0,0,0,10,0,Good
GET,b'/images/I/01rGP6HIADL.js?AUIClients/GenericObservableJS',b'',0,0,0,0,10,0,Good
GET,b'/images/I/11y85pohsPL._RC|41JZmnaIUdL.js_.js?AUIClients/AmazonGatewayAuiAssets',b'',0,0,0,0,10,0,Good
GET,b'/images/I/31IkFoRynML.js?AUIClients/AmazonGatewayHerotatorJS',b'',0,0,0,0,10,0,Good
GET,"b'/images/I/411x8BHUrFL._RC|71dl4YM8gbL.js,01F+A05ogQL.js,01phmzCOwJL.js,01eOvPdxG7L.js,71LmM+gec6L.js,41jBieyCvYL.js,01wXnKULArL.js,01+pnQJuQ0L.js,21S7jO9Y-sL.js,41IkWp2Oe7L.js,51Wf+1TXw2L.js,31J-NEfNY0L.js,11lEMI5MhIL.js,31NSDarX4TL.js,01VYGE8lGhL.js_.js?AUIClients/NavDesktopUberAsset&XA65Tdo4'",b'',0,0,0,0,14,0,Good
POST,b'/api/v1/curated-recommendations',"b'{""locale"":""en-US"",""region"":""IN"",""topics"":[]}'",0,10,0,1,10,0,Good
GET,b'/',b'',0,0,0,0,11,0,Good
GET,b'/v1/tiles',b'',0,0,0,0,10,0,Good
GET,b'/v4/threatListUpdates:fetch?$ct=application/x-protobuf&key=AIzaSyC7jsptDS3am4tPx4r3nxis7IMjBc5Dovo&$httpMethod=POST&$req=ChUKE25hdmNsaWVudC1hdXRvLWZmb3gaJwgFEAEaGwoNCAUQBhgBIgMwMDEwARDl0xgaAhgGZKKF7yICIAIoARonCAEQARobCg0IARAGGAEiAzAwMTABEPWODxoCGAY2MDyoIgIgAigBGicIAxABGhsKDQgDEAYYASIDMDAxMAEQn4YPGgIYBnwUIEwiAiACKAEaJwgHEAEaGwoNCAcQBhgBIgMwMDEwARCB1Q8aAhgG4aNaOyICIAIoARolCAkQARoZCg0ICRAGGAEiAzAwMTABECMaAhgGO6Ms9iICIAIoAQ==',b'',0,0,0,0,10,0,Good
GET,b'/gh/uBlockOrigin/uAssetsCDN/main/patches/2024.9.15.1282.patch',b'',0,0,0,0,10,0,Good
POST,b'/backend-anon/conversation/init',"b'{""gizmo_id"":null,""requested_default_model"":null,""conversation_id"":null,""timezone_offset_min"":-330}'",0,8,0,1,15,0,Good
GET,b'/1/batch/1/OP/A21TJRUUN4KGV:257-6236976-7291065:0P6TCN2G334ZVAG9V8V5$uedata=s:%2Frd%2Fuedata%3Fld%26v%3D0.297421.0%26id%3D0P6TCN2G334ZVAG9V8V5%26sw%3D1280%26sh%3D720%26vw%3D1280%26vh%3D587%26m%3D1%26sc%3D0P6TCN2G334ZVAG9V8V5%26ue%3D11%26bb%3D904%26ns%3D923%26be%3D983%26fcp%3D917%26ne%3D1051%26cf%3D1082%26pc%3D14879035%26tc%3D-80581%26na_%3D-80581%26ul_%3D-1726450849164%26_ul%3D-1726450849164%26rd_%3D-80581%26_rd%3D-75717%26fe_%3D-75716%26lk_%3D-75716%26_lk%3D-75716%26co_%3D-75716%26_co%3D-75716%26sc_%3D-75716%26rq_%3D-75701%26rs_%3D-85%26_rs%3D-83%26dl_%3D-49%26di_%3D1027%26de_%3D1051%26_de%3D1057%26_dc%3D14879028%26ld_%3D14879030%26_ld%3D-1726450849164%26ntd%3D-1%26ty%3D0%26rc%3D1%26hob%3D9%26hoe%3D11%26ld%3D14879047%26t%3D1726465728211%26ctb%3D1%26rt%3Dcf%3A25-3-3-18-2-1-1__ld%3A34-5-3-20-5-4-0%26ec%3D1%26ecf%3D0%26csmtags%3Daui%7Caui%3Aaui_build_date%3A3.24.7-2024-09-09%7CmutObsYes%7Cnavbar%7CFWCIMEnabled%7Cfls-eu-amazon-in%7CperfYes%7Ccf_cdn_fr%7Cak_cdn_mp%7Cadblk_yes%7CgwCFImgNoCache%7Caui%3Asw%3Apage_proxy%3Ano_ctrl%7CmutObsActive%7Ccsm-feature-touch-enabled%3Afalse%26viz%3Dvisible%3A11%26pty%3DGateway%26spty%3Ddesktop%26pti%3Ddesktop%26tid%3D0P6TCN2G334ZVAG9V8V5%26aftb%3D1%26ui%3D2%26lob%3D1:14879084',b'',0,0,0,0,13,0,Good
GET,b'/images/I/31bJewCvY-L.js',b'',0,0,0,0,10,0,Good
GET,b'/1/batch/1/OP/A21TJRUUN4KGV:257-6236976-7291065:0P6TCN2G334ZVAG9V8V5$uedata=s:%2Frd%2Fuedata%3Fld%26v%3D0.297421.0%26id%3D0P6TCN2G334ZVAG9V8V5%26sc0%3Dportal-bb%26pc0%3D11%26ld0%3D11%26t0%3D1726450850080%26sc1%3Dh1Af%26cf1%3D952%26pc1%3D952%26ld1%3D952%26t1%3D1726450850116%26sc2%3Ddesktop-grid-1-visible%26cf2%3D954%26pc2%3D954%26ld2%3D954%26t2%3D1726450850118%26sc3%3Ddesktop-grid-2-visible%26cf3%3D955%26pc3%3D955%26ld3%3D955%26t3%3D1726450850119%26sc4%3Ddesktop-btf-grid-1-visible%26cf4%3D956%26pc4%3D956%26ld4%3D956%26t4%3D1726450850120%26sc5%3Ddesktop-btf-grid-4-visible%26cf5%3D959%26pc5%3D960%26ld5%3D960%26t5%3D1726450850124%26sc6%3DcsmCELLSframework%26bb6%3D987%26pc6%3D987%26ld6%3D987%26t6%3D1726450850151%26sc7%3DcsmCELLSpdm%26bb7%3D987%26pc7%3D1008%26ld7%3D1008%26t7%3D1726450850172%26sc8%3DcsmCELLSvpm%26bb8%3D1008%26pc8%3D1008%26ld8%3D1008%26t8%3D1726450850172%26sc9%3DcsmCELLSfem%26bb9%3D1008%26pc9%3D1009%26ld9%3D1009%26t9%3D1726450850173%26sc10%3Due_sushi_v1%26bb10%3D1009%26pc10%3D1010%26ld10%3D1010%26t10%3D1726450850174%26sc11%3Dgw-ftGr-desktop-hero-1-visible%26cf11%3D1082%26pc11%3D1082%26ld11%3D1082%26t11%3D1726450850246%26sc12%3Daui%3Asw%3Appft%3Acallback_ricb%26bb12%3D1090%26pc12%3D1162%26ld12%3D1162%26t12%3D1726450850326%26sc13%3DjQueryReady%26cf13%3D1091%26pc13%3D1091%26ld13%3D1091%26t13%3D1726450850255%26sc14%3DnavCF%26cf14%3D1096%26pc14%3D1096%26ld14%3D1096%26t14%3D1726450850260%26sc15%3DgwGridInit%26cf15%3D1097%26pc15%3D1097%26ld15%3D1097%26t15%3D1726450850261%26sc16%3DgwBTFGridInit%26cf16%3D1103%26pc16%3D1103%26ld16%3D1103%26t16%3D1726450850267%26sc17%3Ddesktop-btf-grid-3-visible%26cf17%3D1115%26pc17%3D1115%26ld17%3D1115%26t17%3D1726450850279%26sc18%3Ddesktop-grid-4-visible%26cf18%3D1115%26pc18%3D1115%26ld18%3D1115%26t18%3D1726450850279%26sc19%3Ddesktop-grid-3-visible%26cf19%3D1115%26pc19%3D1115%26ld19%3D1115%26t19%3D1726450850279%26sc20%3Ddesktop-btf-grid-2-visible%26cf20%3D1127%26pc20%3D1127%26ld20%3D1127%26t20%3D1726450850291%26sc21%3Dgateway-asset-load%26cf21%3D1140%26pc21%3D1140%26ld21%3D1140%26t21%3D1726450850304%26ctb%3D1:14879085',b'',0,0,0,0,13,0,Good
GET,b'/1/batch/1/OP/A21TJRUUN4KGV:257-6236976-7291065:0P6TCN2G334ZVAG9V8V5$uedata=s:%2Frd%2Fuedata%3Fld%26v%3D0.297421.0%26id%3D0P6TCN2G334ZVAG9V8V5%26ctb%3D1%26sc0%3DjQueryDomReady%26cf0%3D14879356%26pc0%3D14879356%26ld0%3D14879356%26t0%3D1726465728520%26pty%3DGateway%26spty%3Ddesktop%26pti%3Ddesktop%26tid%3D0P6TCN2G334ZVAG9V8V5%26aftb%3D1%26lob%3D1:14879357',b'',0,0,0,0,13,0,Good
GET,b'/1/batch/1/OP/A21TJRUUN4KGV:257-6236976-7291065:0P6TCN2G334ZVAG9V8V5$uedata=s:%2Frd%2Fuedata%3Fld%26v%3D0.297421.0%26id%3D0P6TCN2G334ZVAG9V8V5%26ctb%3D1%26sc0%3DjQueryWindowLoad%26cf0%3D14879363%26pc0%3D14879363%26ld0%3D14879363%26t0%3D1726465728527%26pty%3DGateway%26spty%3Ddesktop%26pti%3Ddesktop%26tid%3D0P6TCN2G334ZVAG9V8V5%26aftb%3D1%26lob%3D1:14879363',b'',0,0,0,0,13,0,Good
GET,b'/1/batch/1/OP/A21TJRUUN4KGV:257-6236976-7291065:0P6TCN2G334ZVAG9V8V5$uedata=s:%2Frd%2Fuedata%3Fld%26v%3D0.297421.0%26id%3D0P6TCN2G334ZVAG9V8V5%26ctb%3D1%26sc0%3DjQueryPageShow%26cf0%3D14879369%26pc0%3D14879369%26ld0%3D14879369%26t0%3D1726465728533%26pty%3DGateway%26spty%3Ddesktop%26pti%3Ddesktop%26tid%3D0P6TCN2G334ZVAG9V8V5%26aftb%3D1%26lob%3D1:14879369',b'',0,0,0,0,13,0,Good
GET,b'/1/batch/1/OP/A21TJRUUN4KGV:257-6236976-7291065:0P6TCN2G334ZVAG9V8V5$uedata=s:%2Frd%2Fuedata%3Fat%26v%3D0.297421.0%26id%3D0P6TCN2G334ZVAG9V8V5%26m%3D1%26sc%3Dcsa%3Alcp%26lcp%3D1085%26pc%3D14879387%26at%3D14879387%26t%3D1726465728551%26pty%3DGateway%26spty%3Ddesktop%26pti%3Ddesktop%26tid%3D0P6TCN2G334ZVAG9V8V5%26aftb%3D1%26lob%3D1:14879387',b'',0,0,0,0,13,0,Good
GET,b'/images/I/51BqsgbDI7L.js?AUIClients/CardJsRuntimeBuzzCopyBuild',b'',0,0,0,0,10,0,Good
GET,"b'/images/I/11B2bsTfmvL._RC|11Y+5x+kkTL.js,51XFQXG4llL.js,11yKORv-GTL.js,11GgN1+C7hL.js,01+z+uIeJ-L.js,01VRMV3FBdL.js,21BJeD9yjcL.js,01meRT+S4PL.js,11aD5q6kNBL.js,11rRjDLdAVL.js,51ZU8mgMpgL.js,11nAhXzgUmL.js,11UNP9ncXuL.js,113pYUOav3L.js,11uo7qXoO3L.js,01VhK3jZdbL.js,21eKR4hvwNL.js,01Q4S7ptbiL.js,51XuQjpKb8L.js,01JYHc2oIlL.js,31nfKXylf6L.js,01ktRCtOqKL.js,21xlsLy-PNL.js,11bEz2VIYrL.js,31o2NGTXThL.js,01rpauTep4L.js,31EfIMnYaYL.js,01tvglXfQOL.js,11jxZ9ouCoL.js,01RZmnMO4hL.js_.js?AUIClients/AmazonUI&88n9Ttiw'",b'',0,0,0,0,16,0,Good
GET,b'/1/batch/1/OP/A21TJRUUN4KGV:257-6236976-7291065:0P6TCN2G334ZVAG9V8V5$uedata=s:%2Frd%2Fuedata%3Fld%26v%3D0.297421.0%26id%3D0P6TCN2G334ZVAG9V8V5%26ctb%3D1%26sc0%3DgwLayoutReady%26cf0%3D14883572%26pc0%3D14883572%26ld0%3D14883572%26t0%3D1726465732736%26csmtags%3Daui%3Acss%3Anetwork%7Caui%3Ajs%3Anetwork%26pty%3DGateway%26spty%3Ddesktop%26pti%3Ddesktop%26tid%3D0P6TCN2G334ZVAG9V8V5%26aftb%3D1%26lob%3D1:14883572',b'',0,0,0,0,13,0,Good
GET,b'/1/batch/1/OP/A21TJRUUN4KGV:257-6236976-7291065:0P6TCN2G334ZVAG9V8V5$uedata=s:%2Frd%2Fuedata%3Fld%26v%3D0.297421.0%26id%3D0P6TCN2G334ZVAG9V8V5%26ctb%3D1%26sc0%3DgwAUIReady%26cf0%3D14883577%26pc0%3D14883577%26ld0%3D14883577%26t0%3D1726465732741%26pty%3DGateway%26spty%3Ddesktop%26pti%3Ddesktop%26tid%3D0P6TCN2G334ZVAG9V8V5%26aftb%3D1%26lob%3D1:14883577',b'',0,0,0,0,13,0,Good
HEAD,b'/api/2017/suggestions',b'',0,0,0,0,12,0,Good
GET,b'/images/I/11+zeBoqC-L.js?AUIClients/WebFlowIngressJs',b'',0,0,0,0,11,0,Good
GET,b'/images/I/31ULjw05G7L.js?AUIClients/AmazonLightsaberPageAssets',b'',0,0,0,0,10,0,Good
GET,b'/images/I/81l6Jv+52XL.js?AUIClients/FWCIMAssets',b'',0,0,0,0,11,0,Good
GET,b'/1/batch/1/OP/A21TJRUUN4KGV:257-6236976-7291065:0P6TCN2G334ZVAG9V8V5$uedata=s:%2Frd%2Fuedata%3Fat%26v%3D0.297421.0%26id%3D0P6TCN2G334ZVAG9V8V5%26m%3D1%26sc%3Dcsa%3AbrowserQuiteMut%26pc%3D14892908%26at%3D14892908%26t%3D1726465742072%26csmtags%3DfourColumn%7CthreeColumnRevised%7CflexLayout%7CcssGridLayout%7Caui%3Asw%3Abrowser%3Aregister%3Aunsupported%7CbrowserQuiteMut%26pty%3DGateway%26spty%3Ddesktop%26pti%3Ddesktop%26tid%3D0P6TCN2G334ZVAG9V8V5%26aftb%3D1%26lob%3D1:14892909',b'',0,0,0,0,13,0,Good
GET,b'/1/batch/1/OP/A21TJRUUN4KGV:257-6236976-7291065:0P6TCN2G334ZVAG9V8V5$uedata=s:%2Frd%2Fuedata%3Fat%26v%3D0.297421.0%26id%3D0P6TCN2G334ZVAG9V8V5%26m%3D1%26sc%3Dcsa%3AstartVL%26pc%3D14892926%26at%3D14892926%26t%3D1726465742090%26csmtags%3DstartVL%26pty%3DGateway%26spty%3Ddesktop%26pti%3Ddesktop%26tid%3D0P6TCN2G334ZVAG9V8V5%26aftb%3D1%26lob%3D1:14892926',b'',0,0,0,0,13,0,Good
GET,b'/1/batch/1/OP/A21TJRUUN4KGV:257-6236976-7291065:0P6TCN2G334ZVAG9V8V5$uedata=s:%2Frd%2Fuedata%3Fat%26v%3D0.297421.0%26id%3D0P6TCN2G334ZVAG9V8V5%26m%3D1%26sc%3Dcsa%3Aatfsi%26atfsi%3D1865%26pc%3D14892938%26at%3D14892938%26t%3D1726465742102%26pty%3DGateway%26spty%3Ddesktop%26pti%3Ddesktop%26tid%3D0P6TCN2G334ZVAG9V8V5%26aftb%3D1%26lob%3D1:14892938',b'',0,0,0,0,13,0,Good
GET,b'/1/batch/1/OP/A21TJRUUN4KGV:257-6236976-7291065:0P6TCN2G334ZVAG9V8V5$uedata=s:%2Frd%2Fuedata%3Fat%26v%3D0.297421.0%26id%3D0P6TCN2G334ZVAG9V8V5%26m%3D1%26sc%3Dcsa%3Asi%26si%3D1865%26pc%3D14892937%26at%3D14892937%26t%3D1726465742101%26pty%3DGateway%26spty%3Ddesktop%26pti%3Ddesktop%26tid%3D0P6TCN2G334ZVAG9V8V5%26aftb%3D1%26lob%3D1:14892937',b'',0,0,0,0,13,0,Good
GET,b'/1/batch/1/OP/A21TJRUUN4KGV:257-6236976-7291065:0P6TCN2G334ZVAG9V8V5$uedata=s:%2Frd%2Fuedata%3Fat%26v%3D0.297421.0%26id%3D0P6TCN2G334ZVAG9V8V5%26m%3D1%26sc%3Dcsa%3AendVL%26pc%3D14892936%26at%3D14892936%26t%3D1726465742100%26csmtags%3DendVL%26pty%3DGateway%26spty%3Ddesktop%26pti%3Ddesktop%26tid%3D0P6TCN2G334ZVAG9V8V5%26aftb%3D1%26lob%3D1:14892936',b'',0,0,0,0,13,0,Good
GET,b'/1/batch/1/OP/A21TJRUUN4KGV:257-6236976-7291065:0P6TCN2G334ZVAG9V8V5$uedata=s:%2Frd%2Fuedata%3Fat%26v%3D0.297421.0%26id%3D0P6TCN2G334ZVAG9V8V5%26m%3D1%26sc%3Dcsa%3Avl100%26vl100%3D13219%26pc%3D14892935%26at%3D14892935%26t%3D1726465742099%26pty%3DGateway%26spty%3Ddesktop%26pti%3Ddesktop%26tid%3D0P6TCN2G334ZVAG9V8V5%26aftb%3D1%26lob%3D1:14892936',b'',0,0,0,0,13,0,Good
GET,b'/1/batch/1/OP/A21TJRUUN4KGV:257-6236976-7291065:0P6TCN2G334ZVAG9V8V5$uedata=s:%2Frd%2Fuedata%3Fat%26v%3D0.297421.0%26id%3D0P6TCN2G334ZVAG9V8V5%26m%3D1%26sc%3Dcsa%3Avl90%26vl90%3D1042%26pc%3D14892934%26at%3D14892934%26t%3D1726465742098%26pty%3DGateway%26spty%3Ddesktop%26pti%3Ddesktop%26tid%3D0P6TCN2G334ZVAG9V8V5%26aftb%3D1%26lob%3D1:14892934',b'',0,0,0,0,13,0,Good
GET,b'/1/batch/1/OP/A21TJRUUN4KGV:257-6236976-7291065:0P6TCN2G334ZVAG9V8V5$uedata=s:%2Frd%2Fuedata%3Fat%26v%3D0.297421.0%26id%3D0P6TCN2G334ZVAG9V8V5%26m%3D1%26sc%3Dcsa%3Avl50%26vl50%3D928%26pc%3D14892927%26at%3D14892927%26t%3D1726465742091%26pty%3DGateway%26spty%3Ddesktop%26pti%3Ddesktop%26tid%3D0P6TCN2G334ZVAG9V8V5%26aftb%3D1%26lob%3D1:14892928',b'',0,0,0,0,13,0,Good
GET,b'/update/6/Firefox/130.0/20240829075237/WINNT_x86_64-msvc-x64/en-US/release/Windows_NT%252010.0.0.0.22631.3958%2520(x64)/ISET%3ASSE4_2%2CMEM%3A7521/default/default/update.xml',b'',0,0,0,0,10,0,Good
GET,b'/api/v1/',b'',0,0,0,0,10,0,Good
GET,b'/api/v1/classify_client/',b'',0,0,0,0,10,0,Good
GET,b'/chains/202402/normandy.content-signature.mozilla.org-2024-10-13-11-24-52.chain?cachebust=2017-06-13-21-06',b'',0,2,0,0,15,0,Good
GET,b'/chains/202402/normandy.content-signature.mozilla.org-2024-11-02-12-44-22.chain?cachebust=2017-06-13-21-06',b'',0,2,0,0,15,0,Good
GET,b'/osjson.aspx',b'',0,0,0,0,10,0,Good
GET,b'/osjson.aspx?form=OSDJAS&query=de',b'',0,0,0,0,10,0,Good
GET,b'/osjson.aspx?form=OSDJAS&query=dem',b'',0,0,0,0,10,0,Good
GET,b'/osjson.aspx?form=OSDJAS&query=demo',b'',0,0,0,0,10,0,Good
GET,b'/',b'',0,0,0,0,11,0,Good
GET,b'/',b'',0,0,0,0,10,0,Good
GET,b'/v1/buckets/main/collections/ms-language-packs/records/cfr-v1-en-US',b'',0,2,0,0,15,0,Good
GET,b'/favicon.ico',b'',0,0,0,0,10,0,Good
GET,b'/osjson.aspx?form=OSDJAS&query=te',b'',0,0,0,0,10,0,Good
GET,b'/osjson.aspx?form=OSDJAS&query=tes',b'',0,0,0,0,10,0,Good
GET,b'/osjson.aspx?form=OSDJAS&query=test',b'',0,0,0,0,10,0,Good
GET,b'/osjson.aspx?form=OSDJAS&query=testp',b'',0,0,0,0,10,0,Good
GET,b'/osjson.aspx?form=OSDJAS&query=testph',b'',0,0,0,0,10,0,Good
GET,b'/osjson.aspx?form=OSDJAS&query=testpho',b'',0,0,0,0,10,0,Good
GET,b'/osjson.aspx?form=OSDJAS&query=testphp%5B',b'',0,0,0,0,10,0,Good
GET,b'/osjson.aspx?form=OSDJAS&query=testphp',b'',0,0,0,0,10,0,Good
GET,b'/',b'',0,0,0,0,11,0,Good
GET,b'/bumfCKDbf.js',b'',0,0,0,0,10,0,Good
POST,b'/_fd',b'',0,0,0,0,10,0,Good
POST,b'/_zc',"b'{""signature"":""UxFdVMwNFNwN0wzODEybVeyJhcHBfdmVyc2lvbiI6IjAuNC4xIiwiYmxvY2tzIjpbeyJjb250YWluZXIiOiJycyIsIm51bWJlciI6MywidHlwZSI6InJlbGF0ZWRzZWFyY2giLCJ1aU9wdGltaXplIjpmYWxzZSwicmVzdWx0c1BhZ2VCYXNlVXJsIjoiaHR0cHM6Ly90ZXN0cGhwLnZ1bHdlYi5jb20vP2NhZj0xJmJwdD0zNDUifV0sImNhbm5vdFBhcmsiOiIiLCJjYW5aZXJvQ2xpY2siOnRydWUsImRvbWFpbk5hbWUiOiJ2dWx3ZWIuY29tIiwiZmRfc2VydmVyIjoiaXAtMTAtMjAxLTQwLTg4LmV1LXdlc3QtMS5jb21wdXRlLmludGVybmFsIiwiZmRfc2VydmVyX2RhdGV0aW1lIjoxNzI2NDY4NDI2LCJmbGV4X3J1bGUiOnsiYWN0aW9uIjoiIiwiY3VzdG9tX3JlYXNvbiI6IiIsImZsZXhfaWQiOjAsIm1pc21hdGNoIjpmYWxzZX0sImdvb2dsZUFuYWx5dGljcyI6IiIsImltcHJpbnRUZXh0IjoiIiwiaW5saW5lSnMiOiIiLCJwYWdlT3B0aW9ucyI6eyJhZHRlc3QiOiJvZmYiLCJjaGFubmVsIjoicGlkLWJvZGlzLWdjb250cm9sNDcscGlkLWJvZGlzLWdjb250cm9sMzA2LHBpZC1ib2Rpcy1nY29udHJvbDQyNixwaWQtYm9kaXMtZ2NvbnRyb2wxNTEscGlkLWJvZGlzLWdjb250cm9sMjE1IiwiZG9tYWluUmVnaXN0cmFudCI6ImFzLWRyaWQtMjU5OTg4NzA0NjYyODU0MSIsImt3IjoiIiwibWF4VGVybUxlbmd0aCI6NTAsInBlcnNvbmFsaXplZEFkcyI6ZmFsc2UsInB1YklkIjoicGFydG5lci1kcC1ib2RpczMwXzNwaCIsInJlc3VsdHNQYWdlQmFzZVVybCI6Imh0dHBzOi8vdGVzdHBocC52dWx3ZWIuY29tP2JwdD0zNDUiLCJzdHlsZUlkIjoiMzExMzA1NzY0MCIsInRlcm1zIjoiIiwiaXZ0Ijp0cnVlLCJobCI6ImVuIn0sInBpeGVsX3RyYWNraW5nX2RhdGEiOm51bGwsInByZWZlcnJlZExhbmd1YWdlIjoiZW4iLCJzYWxlc1NldHRpbmdzIjp7ImN1cnJlbmN5IjoiVVNEIiwiZXNjcm93IjpmYWxzZSwiZXh0ZXJuYWwiOiJodHRwOi8vYWR2ZXhwbG9yZS5jb20vc2stZG9tc2FsZS5waHA/ZG9tPXZ1bHdlYi5jb20mZWRzPVluSnZhMlZ5WVdkbFFITnJaVzU2Ynk1amIyMD0iLCJsaW5rIjoiaHR0cHM6Ly90ZXN0cGhwLnZ1bHdlYi5jb20vbGlzdGluZyIsImxvY2F0aW9uIjoiVE9QIiwibWVzc2FnZSI6IlRoZSBkb21haW4gdnVsd2ViLmNvbSBtYXkgYmUgZm9yIHNhbGUuIENsaWNrIGhlcmUgdG8gaW5xdWlyZSBhYm91dCB0aGlzIGRvbWFpbi4iLCJtaW5fcHJpY2UiOjAsInBob25lIjp0cnVlLCJwcmljZSI6MCwicmVjYXB0Y2hhIjp0cnVlLCJzdGF0dXMiOiJVUkwiLCJ0eXBlIjoiSElHSExJR0hUIiwidmVyaWZ5Ijp0cnVlfSwic2NyaXB0cyI6WyIiXSwic2hvd0lucXVpcnlGb3JtIjpmYWxzZSwic2tlbnpvUmVkaXJlY3QiOnRydWUsInNrZW56b1VybCI6Imh0dHA6Ly93dzAxLnZ1bHdlYi5jb20vP2RuPXZ1bHdlYi5jb20mZW5jX2xuaz1IWkJ5MGZCS3Znb0wlMkZjOHlwclFhdnElMkIyVGVtVGZGVWc1emFGd0Y5b2hVYTZuT2xDJTJGY3N6TW04VWtMaXM5Q2VsJmVuY190eHQ9NzZjMktwczV3RTElMkZtT0FrZGRKZFY4MldtaFR5aVdJNkRDZkNtajVWODl2RnRZUHNXOUdpeWVzRm5FUEV6cEdhb1VjTW43SHR5dHZPN3lWTTBVNDFPOWVYV1ZlOU8xZjJvSkw2eUxSeHY2VSUzRCZwYnN1YmlkPTYxMjZlOTYzLWMzYjgtNDg2Ni04YjhiLTUyYTYxMDQ2ODZlZSZwaWQ9OVBPVDMzODdJIiwic3R5bGVzIjoiOnJvb3Qge1xuICAtLXJzd2lkdGg6IDcwMHB4O1xuICAtLXNhbGVzLWJhbm5lci1oZWlnaHQ6IDA7XG59XG5cbmJvZHksIGh0bWwge1xuICAgIGZvbnQtZmFtaWx5OiBzYW5zLXNlcmlmLCAnQXJpYWwnO1xuICAgIGhlaWdodDogMTAwJTtcbiAgICBiYWNrZ3JvdW5kLWNvbG9yOiAjMkIyQjJCO1xuICAgIG1hcmdpbjogMCAhaW1wb3J0YW50O1xuICAgIHBvc2l0aW9uOiByZWxhdGl2ZTtcbiAgICBvdmVyZmxvdy14OiBoaWRkZW47XG59XG4jdGFyZ2V0IHtcbiAgICBwb3NpdGlvbjogcmVsYXRpdmU7XG4gICAgaGVpZ2h0OiBhdXRvO1xuICAgIG1hcmdpbjogMCBhdXRvICFpbXBvcnRhbnQ7XG59XG5tYWluIHtcbiAgICB0ZXh0LWFsaWduOiBjZW50ZXI7XG4gICAgbWFyZ2luOiAwIGF1dG87XG4gICAgbWluLWhlaWdodDogMTAwdmg7XG4gICAgZGlzcGxheTogZmxleDtcbiAgICBwb3NpdGlvbjogcmVsYXRpdmU7XG4gICAgei1pbmRleDogMjtcbiAgICBhbGlnbi1pdGVtczogY2VudGVyO1xuICAgIGp1c3RpZnktY29udGVudDogc3RhcnQ7XG4gICAgZmxleC1kaXJlY3Rpb246IGNvbHVtbjtcbn1cbmhlYWRlciB7XG4gICAgdGV4dC1hbGlnbjogY2VudGVyO1xuICAgIHBhZGRpbmc6IDQ1cHggMDtcbn1cbmhlYWRlciBoMSB7XG4gICAgZm9udC1zaXplOiAyOXB4O1xuICAgIGNvbG9yOiAjY2NjO1xuICAgIHRleHQtdHJhbnNmb3JtOiB1cHBlcmNhc2U7XG4gICAgbWFyZ2luOiAwO1xufVxubWFpbiBzZWN0aW9uIHtcbiAgICBmbGV4OiAxO1xuICAgIHBhZGRpbmc6IDIwcHg7XG4gICAgd2lkdGg6IDEwMCU7XG4gICAgZGlzcGxheTogZmxleDtcbiAgICBhbGlnbi1pdGVtczogY2VudGVyO1xuICAgIGp1c3RpZnktY29udGVudDogc3RhcnQ7XG4gICAgZmxleC1kaXJlY3Rpb246IGNvbHVtbjtcbn1cbnNlY3Rpb24gLmFkLWJsb2NrIHtcbiAgICB3aWR0aDogMTAwJTtcbiAgICBtYXgtd2lkdGg6IDUwMHB4O1xuICAgIGhlaWdodDogMTAwJTtcblxufVxuI3JzIHtcbiAgICB3aWR0aDogMTAwJTtcbiAgICBtYXgtd2lkdGg6IHZhcigtLXJzd2lkdGgpO1xuICAgIG1pbi1oZWlnaHQ6IDQ4MHB4O1xuICAgIGhlaWdodDogMTAwJTtcbn1cbmZvb3RlciB7XG4gICAgZm9udC1zaXplOiAxNHB4O1xuICAgIHRleHQtYWxpZ246IGNlbnRlcjtcbiAgICBwYWRkaW5nOiAzMHB4IDBweDtcbiAgICB3aWR0aDogMTAwJTtcbiAgICBjb2xvcjogIzU1NTtcbn1cbmZvb3RlciBhIHtcbiAgICBjb2xvcjogIzU1NTtcbn1cblxuI3NhbGVzLWJhbm5lciB7XG4gICAgaGVpZ2h0OiB2YXIoLS1zYWxlcy1iYW5uZXItaGVpZ2h0KTtcbn0gXG5cbiNzYWxlcy1iYW5uZXIudG9wIHsgXG4gICAgbWFyZ2luLWJvdHRvbTogOHB4OyBcbn0gXG5cbiNzYWxlcy1iYW5uZXIuYm90dG9tIHsgXG4gICAgbWFyZ2luLXRvcDogOHB4OyBcbn0iLCJ0ZW1wbGF0ZSI6IlxuXG48bWFpbj5cbiAgICBcbiAgICAgIDxoZWFkZXI+XG4gICAgICAgIDxoMT52dWx3ZWIuY29tPC9oMT5cbiAgICAgIDwvaGVhZGVyPlxuICAgIFxuICAgIDxzZWN0aW9uPlxuICAgICAgICA8ZGl2IGNsYXNzPVwiYWQtYmxvY2tcIj5cbiAgICAgICAgICAgIDxkaXYgY2xhc3M9XCJhZHNcIj5cbiAgICAgICAgICAgICAgICA8ZGl2IGlkPVwiYWQtMVwiPjwvZGl2PlxuICAgICAgICAgICAgICAgIDxkaXYgaWQ9XCJhZC0yXCI+PC9kaXY+XG4gICAgICAgICAgICA8L2Rpdj5cbiAgICAgICAgPC9kaXY+XG4gICAgICAgIDxkaXYgaWQ9XCJyc1wiPjwvZGl2PlxuICAgIDwvc2VjdGlvbj5cbiAgICA8Zm9vdGVyPlxuICAgICAgICA8c3Bhbj5Db3B5cmlnaHQgMjAyNDwvc3Bhbj5cblx0ICAgIDxzcGFuIHN0eWxlPVwicGFkZGluZzowcHggOHB4O1wiPiZidWxsOzwvc3Bhbj5cblx0ICAgIDxhIGhyZWY9XCIvcHJpdmFjeVwiIHRhcmdldD1cIl9ibGFua1wiPlByaXZhY3kgUG9saWN5PC9hPlxuXHQgICAgPHNwYW4gc3R5bGU9XCJwYWRkaW5nOjBweCA4cHg7XCI+JmJ1bGw7PC9zcGFuPlxuXHQgICAgPGEgaHJlZj1cIi9sZWdhbFwiIHRhcmdldD1cIl9ibGFua1wiPkxlZ2FsPC9hPlxuICAgICAgICA8cCBpZD1cImltcHJpbnQtdGV4dFwiPjwvcD5cbiAgICA8L2Zvb3Rlcj5cbjwvbWFpbj5cblxuIiwidGVtcGxhdGVJZCI6MzQ1LCJ6ZXJvY2xpY2siOnsicmVhc29uIjoiZ29vZ2xlQWRzRmFpbHVyZSJ9LCJ6ZXJvQ2xpY2tEZWxheSI6MCwidXVpZCI6IjYxMjZlOTYzLWMzYjgtNDg2Ni04YjhiLTUyYTYxMDQ2ODZlZSIsInBhZ2VfdGltZSI6MTcyNjQ2ODQyNCwicGFnZV91cmwiOiJodHRwczovL3Rlc3RwaHAudnVsd2ViLmNvbS8iLCJwYWdlX21ldGhvZCI6IkdFVCIsInBhZ2VfcmVxdWVzdCI6e30sInBhZ2VfaGVhZGVycyI6e30sImhvc3QiOiJ0ZXN0cGhwLnZ1bHdlYi5jb20iLCJpcCI6IjExNC4zMS4xNDMuMTUzIiwidXNlcl9oYXNfYWRfYmxvY2tlciI6bnVsbCwiaXNfYWRfYmxvY2tlZCI6bnVsbCwiY2FmU2NyaXB0V2FzTG9hZGVkIjpmYWxzZSwicG9wdXAiOmZhbHNlLCJ0aW1lem9uZV9vZmZzZXQiOjUuNSwidXNlcl9wcmVmZXJlbmNlIjp7ImxvY2FsZSI6ImVuLUlOIiwiY2FsZW5kYXIiOiJncmVnb3J5IiwibnVtYmVyaW5nU3lzdGVtIjoibGF0biIsInRpbWVab25lIjoiQXNpYS9Lb2xrYXRhIiwieWVhciI6Im51bWVyaWMiLCJtb250aCI6Im51bWVyaWMiLCJkYXkiOiJudW1lcmljIn0sInVzZXJfdXNpbmdfZGFya21vZGUiOnRydWUsInVzZXJfc3VwcG9ydHNfZGFya21vZGUiOnRydWUsIndpbmRvd19yZXNvbHV0aW9uIjp7IndpZHRoIjoxMjgwLCJoZWlnaHQiOjU4N30sInNjcmVlbl9yZXNvbHV0aW9uIjp7IndpZHRoIjoxMjgwLCJoZWlnaHQiOjcyMH0sImZyYW1lIjpudWxsLCJ6ZXJvQ2xpY2siOnt9LCJ0eXBlIjoiemNfZmV0Y2gifQ==""}'",0,4,0,1,10,0,Good
GET,b'/?dn=vulweb.com&enc_lnk=HZBy0fBKvgoL%2Fc8yprQavq%2B2TemTfFUg5zaFwF9ohUa6nOlC%2FcszMm8UkLis9Cel&enc_txt=76c2Kps5wE1%2FmOAkddJdV82WmhTyiWI6DCfCmj5V89vFtYPsW9GiyesFnEPEzpGaoUcMn7HtytvO7yVM0U41O9eXWVe9O1f2oJL6yLRxv6U%3D&pbsubid=6126e963-c3b8-4866-8b8b-52a6104686ee&pid=9POT3387I',b'',0,0,0,0,11,0,Good
GET,b'/__media__/js/min.js?v2.3',b'',0,0,0,0,10,0,Good
GET,b'/delivery/cmp.php?&cdid=21fdca2281833&h=http%3A%2F%2Fww01.vulweb.com%2F%3Fdn%3Dvulweb.com%26enc_lnk%3DHZBy0fBKvgoL%252Fc8yprQavq%252B2TemTfFUg5zaFwF9ohUa6nOlC%252FcszMm8UkLis9Cel%26enc_txt%3D76c2Kps5wE1%252FmOAkddJdV82WmhTyiWI6DCfCmj5V89vFtYPsW9GiyesFnEPEzpGaoUcMn7HtytvO7yVM0U41O9eXWVe9O1f2oJL6yLRxv6U%253D%26pbsubid%3D6126e963-c3b8-4866-8b8b-52a6104686ee%26pid%3D9POT3387I&&l=en&o=1726468457400',b'',0,0,0,0,10,0,Good
GET,b'/delivery/js/cmp_en.min.js',b'',0,0,0,0,10,0,Good
GET,b'/__media__/fonts/montserrat-bold/montserrat-bold.woff',b'',0,0,0,0,10,0,Good
GET,b'/__media__/fonts/montserrat-regular/montserrat-regular.woff',b'',0,0,0,0,10,0,Good
GET,b'/favicon.ico',b'',0,0,0,0,10,0,Good
GET,b'/__media__/fonts/montserrat-regular/montserrat-regular.woff2',b'',0,0,0,0,10,0,Good
GET,b'/__media__/fonts/montserrat-bold/montserrat-bold.woff2',b'',0,0,0,0,10,0,Good
GET,b'/__media__/fonts/montserrat-bold/montserrat-bold.ttf',b'',0,0,0,0,10,0,Good
GET,b'/delivery/cmp.php?__cmpcc=1&id=68884&o=1726468459&h=http%3A%2F%2Fww01.vulweb.com%2F%3Fdn%3Dvulweb.com%26enc_lnk%3DHZBy0fBKvgoL%252Fc8yprQavq%252B2TemTfFUg5zaFwF9ohUa6nOlC%252FcszMm8UkLis9Cel%26enc_txt%3D76c2Kps5wE1%252FmOAkddJdV82WmhTyiWI6DCfCmj5V89vFtYPsW9GiyesFnEPEzpGaoUcMn7HtytvO7yVM0U41O9eXWVe9O1f2oJL6yLRxv6U%253D%26pbsubid%3D6126e963-c3b8-4866-8b8b-52a6104686ee%26pid%3D9POT3387I&&l=en&odw=0&dlt=1&l=en',b'',0,0,0,0,10,0,Good
GET,b'/delivery/customdata/bV8xLndfNjg4ODQucl9ST1cubF9lbi5kXzI3NzQ2LnhfMTQudi5wLnRfMjc3NDYueHRfMzI.js',b'',0,0,0,0,10,0,Good
GET,b'/',b'',0,0,0,0,11,0,Good
GET,b'/',b'',0,0,0,0,10,0,Good
GET,b'/',b'',0,0,0,0,11,0,Good
GET,b'/osjson.aspx?form=OSDJAS&query=test+.vulnweb.com',b'',0,0,0,0,11,0,Good
GET,b'/',b'',0,0,0,0,11,0,Good
GET,b'/',b'',0,0,0,0,10,0,Good
GET,b'/',b'',0,0,0,0,11,0,Good
GET,b'/',b'',0,0,0,0,11,0,Good
GET,b'/',b'',0,0,0,0,11,0,Good
GET,b'/',b'',0,0,0,0,11,0,Good
POST,b'/backend-anon/sentinel/chat-requirements',"b'{""p"":""gAAAAACWzIwMTIsIk1vbiBTZXAgMTYgMjAyNCAwNzowNzo1MSBHTVQrMDUzMCAoSW5kaWEgU3RhbmRhcmQgVGltZSkiLG51bGwsMCwiTW96aWxsYS81LjAgKFdpbmRvd3MgTlQgMTAuMDsgV2luNjQ7IHg2NDsgcnY6MTMwLjApIEdlY2tvLzIwMTAwMTAxIEZpcmVmb3gvMTMwLjAiLG51bGwsInJlbWl4LXByb2QtNTg1NWFkNTM4YmIwMDViMTVkMTQzMmJkN2ZkMzgwYjMwZWQ0ZDUwYyIsImVuLVVTIiwiZW4tVVMsZW4iLDI0MDEsIm1lZGlhQ2FwYWJpbGl0aWVz4oiSW29iamVjdCBNZWRpYUNhcGFiaWxpdGllc10iLCJsb2NhdGlvbiIsImNyZWF0ZUltYWdlQml0bWFwIiwxNTQzNiwiYzY3NWE3OTgtYzE3NS00MDAyLTk2YjItNTRiMmJjYjNkYTQ4IiwiIl0=""}'",0,4,0,1,17,0,Good
GET,b'/osjson.aspx?form=OSDJAS&query=ac',b'',0,0,0,0,10,0,Good
GET,b'/osjson.aspx?form=OSDJAS&query=acu',b'',0,0,0,0,10,0,Good
GET,b'/osjson.aspx?form=OSDJAS&query=acun',b'',0,0,0,0,10,0,Good
GET,b'/osjson.aspx?form=OSDJAS&query=acune',b'',0,0,0,0,10,0,Good
GET,b'/osjson.aspx?form=OSDJAS&query=acunet',b'',0,0,0,0,10,0,Good
GET,b'/osjson.aspx?form=OSDJAS&query=acuneti',b'',0,0,0,0,10,0,Good
GET,b'/osjson.aspx?form=OSDJAS&query=acunetix',b'',0,0,0,0,10,0,Good
GET,b'/osjson.aspx?form=OSDJAS&query=acunetix+a',b'',0,0,0,0,11,0,Good
GET,b'/osjson.aspx?form=OSDJAS&query=acunetix+al',b'',0,0,0,0,11,0,Good
GET,b'/osjson.aspx?form=OSDJAS&query=acunetix+alt',b'',0,0,0,0,11,0,Good
GET,b'/osjson.aspx?form=OSDJAS&query=acunetix+alte',b'',0,0,0,0,11,0,Good
GET,b'/osjson.aspx?form=OSDJAS&query=acunetix+alter',b'',0,0,0,0,11,0,Good
GET,b'/osjson.aspx?form=OSDJAS&query=acunetix+altern',b'',0,0,0,0,11,0,Good
GET,b'/osjson.aspx?form=OSDJAS&query=acunetix+alterna',b'',0,0,0,0,11,0,Good
GET,b'/osjson.aspx?form=OSDJAS&query=acunetix+alternat',b'',0,0,0,0,11,0,Good
GET,b'/osjson.aspx?form=OSDJAS&query=acunetix+alternati',b'',0,0,0,0,11,0,Good
GET,b'/osjson.aspx?form=OSDJAS&query=acunetix+alternativ',b'',0,0,0,0,11,0,Good
GET,b'/osjson.aspx?form=OSDJAS&query=acunetix+alternative',b'',0,0,0,0,11,0,Good
GET,b'/search?pc=MOZI&form=MOZLBR&q=acunetix+alternative',b'',0,0,0,0,36,0,Good
GET,b'/osjson.aspx?form=OSDJAS&query=acunetixc',b'',0,0,0,0,10,0,Good
GET,b'/osjson.aspx?form=OSDJAS&query=acunetix+as',b'',0,0,0,0,11,0,Good
GET,b'/osjson.aspx?form=OSDJAS&query=acunetix+asd',b'',0,0,0,0,11,0,Good
GET,b'/osjson.aspx?form=OSDJAS&query=acunetix+asda',b'',0,0,0,0,11,0,Good
GET,b'/osjson.aspx?form=OSDJAS&query=acunetix+asdasd',b'',0,0,0,0,11,0,Good
GET,b'/rp/a224OTR91R7nhnUp3RpvwJI8dVU.br.js',b'',0,0,0,0,35,0,Good
GET,b'/geolocation/write?isDevLoc=false&lat=31.284194946289062&lon=75.59839630126953&dispName=Jalandhar%2520I%252C%2520Punjab&isEff=1&effLocType=5&clientsid=undefined',b'',0,0,0,0,35,0,Good
GET,b'/rp/Ll45oNo-LVRzvmmVkEAg5KXudfA.svg',b'',0,0,0,0,35,0,Good
GET,b'/rp/Xs0bcRwli50H_9_TOsfurmNnZ64.br.js',b'',0,0,0,0,10,0,Good
GET,b'/rp/QbhTTihqpIpuQBHI4z0cMxYJtFg.br.js',b'',0,0,0,0,10,0,Good
GET,b'/rp/T6Nwk_7jHBx7a1DOhStNcwIhjx4.br.js',b'',0,0,0,0,10,0,Good
GET,b'/rp/eKvcHdnNwo1WcxoSioV4ztnfZk8.br.js',b'',0,0,0,0,10,0,Good
GET,b'/rp/ID-70CBAEOXh6Nwxga-CxgpUq4k.br.js',b'',0,0,0,0,10,0,Good
GET,b'/rp/8w26ODmd1hk4C30WJtfkdBYFSfE.br.js',b'',0,0,0,0,10,0,Good
GET,b'/rp/y1tiMssL1_ZRGIkBjxDYmR2kX8o.br.js',b'',0,0,0,0,10,0,Good
GET,b'/rp/XvPs3zdtm8Xfl-ujR40Xu7FW0LI.br.js',b'',0,0,0,0,10,0,Good
GET,b'/rp/X9zPQVZQzKFTYze2B2WNn1LJCS4.br.js',b'',0,0,0,0,10,0,Good
GET,b'/images/sbi?mmasync=1&ig=0BFD6CDD9F0B421CB013A78EDF2543AC&iid=.5094&ptn=Web&ep=0&iconpl=1',b'',0,0,0,0,35,0,Good
GET,b'/common/oauth2/authorize?client_id=9ea1ad79-fdb6-4f9a-8bc3-2b70f96e34c7&response_type=id_token&nonce=16bacfa9-943e-419a-9b95-e0526d6c6907&redirect_uri=https%3a%2f%2fwww.bing.com%2forgid%2fidtoken%2fnosignin&scope=openid%20email%20profile%209ea1ad79-fdb6-4f9a-8bc3-2b70f96e34c7/.default&response_mode=form_post&instance_aware=true&msafed=0&prompt=none&state=%7b%22ig%22%3a%220BFD6CDD9F0B421CB013A78EDF2543AC%22%7d',b'',0,4,0,1,18,1,Good
POST,b'/rewardsapp/ncheader?ver=49659631&IID=SERP.5067&IG=0BFD6CDD9F0B421CB013A78EDF2543AC',b'wb=1;i=1;v=1',0,0,0,0,36,0,Good
GET,b'/users/0x4ab01a80537f431c/myprofile/expressionprofile/profilephoto:UserTileStatic/p?ck=1&ex=720&sid=3E9470C6B211616B288D643AB3446046&fofoff=1',b'',0,0,0,0,11,0,Good
POST,b'/rewardsapp/reportActivity?IG=0BFD6CDD9F0B421CB013A78EDF2543AC&IID=SERP.5076&pc=MOZI&form=MOZLBR&q=acunetix+alternative',b'url=https%3A//www.bing.com/search%3Fpc%3DMOZI%26form%3DMOZLBR%26q%3Dacunetix+alternative&V=web',0,0,0,0,37,0,Good
GET,b'/codex/plugins/available/get?appid=6c0f12ef-97d3-4869-bc42-c1d9bdb4a759',b'',0,0,0,0,35,0,Good
GET,b'/sharing/getsharecommoncontrol?CustomizedBranding=copilot&DisablePositioningActionMenuContent=true&DisableTopActions=true&DisplayMode=modal&ElementIdForPreview=enable&PartnerName=&ScenarioNameUsedForLog=Codex_ConversationMode&',b'',0,0,0,0,35,0,Good
GET,b'/welcomescreenassets?IG=0BFD6CDD9F0B421CB013A78EDF2543AC&IID=SERP.5590',b'',0,0,0,0,35,0,Good
GET,b'/sharing/getsharecommoncontrol?CustomizedBranding=copilot&DisablePositioningActionMenuContent=true&DisableTopActions=true&DisplayMode=modal&ElementIdForPreview=enable&PartnerName=&ScenarioNameUsedForLog=Codex_ConversationMode&',b'',0,0,0,0,35,0,Good
GET,b'/turing/userconsent?bundleVersion=1.1810.0&isStartOfConversation=true',b'',0,0,0,0,39,0,Good
GET,b'/turing/conversation/create?bundleVersion=1.1810.0',b'',0,0,0,0,39,0,Good
GET,b'/ipv6test/test?FORM=MONITR',b'',0,0,0,0,35,0,Good
GET,b'/ipv6test/test',b'',0,0,0,0,34,0,Good
GET,b'/osjson.aspx?form=OSDJAS&query=acunetix+d',b'',0,0,0,0,11,0,Good
GET,b'/osjson.aspx?form=OSDJAS&query=acunetix+do',b'',0,0,0,0,11,0,Good
GET,b'/osjson.aspx?form=OSDJAS&query=acunetix+don',b'',0,0,0,0,11,0,Good
GET,b'/osjson.aspx?form=OSDJAS&query=acunetix+donw',b'',0,0,0,0,11,0,Good
GET,b'/osjson.aspx?form=OSDJAS&query=acunetix+donwl',b'',0,0,0,0,11,0,Good
GET,b'/osjson.aspx?form=OSDJAS&query=acunetix+donwla',b'',0,0,0,0,11,0,Good
GET,b'/osjson.aspx?form=OSDJAS&query=acunetix+donwlao',b'',0,0,0,0,11,0,Good
GET,b'/osjson.aspx?form=OSDJAS&query=acunetix+donwlaod',b'',0,0,0,0,11,0,Good
GET,b'/search?pc=MOZI&form=MOZLBR&q=acunetix+donwlaod',b'',0,0,0,0,37,0,Good
GET,b'/ck/a?!&&p=3cec72df1b924ff4JmltdHM9MTcyNjM1ODQwMCZpZ3VpZD0yOGVmOTRlOC1iNThkLTZkMDUtMGZkNC04MDE0YjRkODZjMTUmaW5zaWQ9NTE5Mg&ptn=3&ver=2&hsh=3&fclid=28ef94e8-b58d-6d05-0fd4-8014b4d86c15&u=a1aHR0cHM6Ly9hbHRlcm5hdGl2ZXRvLm5ldC9zb2Z0d2FyZS9hY3VuZXRpeC8&ntb=1',b'',0,0,0,0,36,0,Good
POST,b'/orgid/idtoken/nosignin',b'error=login_required&error_description=AADSTS50058%3A+A+silent+sign-in+request+was+sent+but+no+user+is+signed+in.+The+cookies+used+to+represent+the+user%27s+session+were+not+sent+in+the+request+to+Azure+AD.+This+can+happen+if+the+user+is+using+Internet+Explorer+or+Edge%2C+and+the+web+app+sending+the+silent+sign-in+request+is+in+different+IE+security+zone+than+the+Azure+AD+endpoint+%28login.microsoftonline.com%29.+Trace+ID%3A+aac4c3e7-5ef4-43c6-bc9d-35b495e19200+Correlation+ID%3A+a5796637-4a6e-40bf-bc08-f143caf31bd0+Timestamp%3A+2024-09-16+06%3A43%3A21Z&error_uri=https%3A%2F%2Flogin.microsoftonline.com%2Ferror%3Fcode%3D50058&state=%7B%22ig%22%3A%220BFD6CDD9F0B421CB013A78EDF2543AC%22%7D',1,4,0,1,37,0,Good
GET,b'/codex/plugins/user/get?appid=6c0f12ef-97d3-4869-bc42-c1d9bdb4a759',b'',0,0,0,0,37,0,Good
GET,b'/rp/43BJuM7qM_8Wd1WfIZM2_oK9zrw.gz.js',b'',0,0,0,0,10,0,Good
GET,b'/rp/Fsa_OI0AplCnVoXGca8ALOo0S0s.svg',b'',0,0,0,0,37,0,Good
GET,b'/rp/UYtUYDcn1oZlFG-YfBPz59zejYI.svg',b'',0,0,0,0,37,0,Good
GET,b'/rp/KC_nX2_tPPyFvVw1RK20Yu1FyDk.svg',b'',0,0,0,0,37,0,Good
GET,b'/rp/kiGH9ukZK6Q4hvtDtwwVc1yvueg.svg',b'',0,0,0,0,37,0,Good
GET,b'/rp/mJUKbhysGPVV0f_zho_k3BkdtlU.gz.js',b'',0,0,0,0,10,0,Good
GET,b'/rp/NnFHhz2jL6yzChtIhaB5IIVKY5k.svg',b'',0,0,0,0,37,0,Good
GET,b'/login.srf?wa=wsignin1.0&rpsnv=160&ct=1726469001&rver=7.5.2146.0&wp=MBI_SSL&wreply=https:%2F%2Fstorage.live.com%2Fstorageservice%2Fpassport%2Fauth.aspx%3Fsru%3Dhttps:%252f%252fstorage.live.com%252fusers%252f0x4ab01a80537f431c%252fmyprofile%252fexpressionprofile%252fprofilephoto:UserTileStatic%252fp&lc=1033&id=63539',b'',0,0,0,0,15,6,Good
GET,b'/sydney/ChatHub?sec_access_token=BQEUap4iIgc4pGkT6DJYOcP2PyYi5BPHK5Jc1cJbKaui3fwnyWn2g8vGqRGNQaGzre9X9ewthEyPSmL9KwY7jsKFsnMQL9xprQzgq1goX07Lt%2Fia1ZmvAwH2m13jmQSx4f6qTyn4B8eY7kn77YdT6Hs1HG6%2FnhziY9OrM3yg7D38kdlXDWe501QzRzZTuRbn7uKB7x18mLNPzS4XQqeChSz%2B%2B8cr1WvAZkAxVrKrllRcOlACDNuA0A547q67qBwFbZFX20rEmh%2BxVSVstKSKuPMxL%2B2OfTnWD0Z7dXIqM8sdvHVKDOSRhG3cIfAzi3xEiwkc3h%2FgH4%2FnAn6%2BqiNmUjIVlO5h3NpGzdSa59rbaevT7N1YA15joZVHttgJGlkmu0QtzubPHwMTdchwF%2F42lAvNPDwegaGd5ixRxq6JabGoVv5GUEPTCvrxNdwwReWWIypxb%2FVTAgbKNCf%2F3lDByxsKVHL3hHto%2Fn6f7QgAn6YT0nMKyBzUmmId7HoRk%2BhlbN0drxrKRtehehqJnNXLL%2FeUgkr06PL5NKsi8DZx1iDmLqW0cKHO1Y8OnuUVNq4tCr5wz%2B7%2FJa0m8q0SMSj3ZjeQpgZGDYh%2Fl2hKGPIJzWlE6WshQCoyv%2BVYVzNpgJ%2FEKxcpU611kCvez6qufwOyCknKLKsCOWuRpU50YwOCYK3csQGOu9o7tQ1k7cLcit6mZdHqFhmpm%2F8U%2FzhPObPv7CGcgtEtZEjfB%2BddFyLW0ogBEis5zafwgf2RK7D2gSueP1JFjPHciZ8m3zwiSP%2F%2Bo9SGl%2Fv8vDALP%2FkM3ey8i%2BD0ovK1oqmqm5D3U%2B7VGxiqEKJo4gs13Mq1L2BEvESdDhXTAzRbtSqs67dmbhWbnhhUIrCHVn9w749Oi5KwYmEy8rH3VIYgIxPZLm0ElyJRvfTLxlXL%2FC2qBB%2BKaor6RLr%2FQWe5vHWENFi6xb8lsE0GF2ivVGrfgWoz%2Bk%2BSzMz2Oj8GshndtKuli7vQVy2bXQMw0xLqj3CYCAt9XGF5cCv5qPY7UZWdj6fZD%2FLl2gn6v0EaYWZ7j0L1EbIo1VCE%2FZXHwAo4ag%2FvJe3eVmdEv3w3pjcBRDtSY8E8l811vAmVjCj3VhI9fQqLJlrGBxr4JbnKxVJz50paZ67F1O2ZjnWswePuhAfLGwZBuoIj2ZtlJQAgCtHsZ4fciLpgD882Pcw%3D',b'',0,0,0,0,38,0,Good
GET,b'/geolocation/write?isDevLoc=false&lat=31.284194946289062&lon=75.59839630126953&dispName=Jalandhar%2520I%252C%2520Punjab&isEff=1&effLocType=5&clientsid=undefined',b'',0,0,0,0,37,0,Good
GET,b'/rp/bv2op3SXGL8XBbEMdCC7zeu_-EY.br.js',b'',0,0,0,0,10,0,Good
GET,b'/rp/PhAsLQ7MN1I2HGiAYYV0T_5C5_8.br.js',b'',0,0,0,0,10,0,Good
GET,b'/rp/rbBaKhtkLVke-4PIWp9e6AV5_kg.br.js',b'',0,0,0,0,10,0,Good
GET,b'/rp/8aj_I6fSAQ2HauP0CPPAfDwa2j8.br.js',b'',0,0,0,0,10,0,Good
GET,b'/rp/6juFsmmZTw2skj7CvpgreXtsgqM.br.js',b'',0,0,0,0,10,0,Good
GET,b'/rp/CuoJ-XSESmq5e-S0atX4JdNgEbQ.br.js',b'',0,0,0,0,10,0,Good
GET,b'/rp/LTCT2zdUcB3ayDDUpC7BI5zxXuE.br.js',b'',0,0,0,0,10,0,Good
GET,b'/rp/HdiojNH85n4iu87NAQvDH5bKMnM.br.js',b'',0,0,0,0,10,0,Good
GET,b'/rp/s_KB_GYETp6JptI_mOoLcYDN4OY.br.js',b'',0,0,0,0,10,0,Good
GET,b'/rp/BFQDsdSF9E9Gp0u-xRbmGVfJfe0.br.js',b'',0,0,0,0,10,0,Good
GET,b'/rp/WPedHfV8dQrn4qkif5azDZSqmn8.br.js',b'',0,0,0,0,10,0,Good
GET,b'/rp/00BXM0d2_RU-uUgNDoDSRVtPaQg.br.js',b'',0,0,0,0,10,0,Good
GET,b'/rp/pYx84E5QxKsDa_GCjDkQj38YO0k.br.js',b'',0,0,0,0,10,0,Good
GET,b'/rp/7iVUkp_QNKYQoVs0zBrZVocZL9c.br.js',b'',0,0,0,0,10,0,Good
GET,b'/rp/y9cMttd-SwSaYuiqhqk701fxHs0.br.js',b'',0,0,0,0,10,0,Good
GET,b'/rp/MCwdqGFTwqu20jt3177s57V4wZk.br.js',b'',0,0,0,0,10,0,Good
GET,b'/rp/7LkHIwasTuL6tufzeF3vEaazAxw.br.js',b'',0,0,0,0,10,0,Good
GET,b'/rp/aE8OMYmbAbtZuaBhCiFbNjif4c8.br.js',b'',0,0,0,0,10,0,Good
GET,b'/rp/ehd9DVTDg25XG1HgnAeMa17fMkw.br.js',b'',0,0,0,0,10,0,Good
GET,b'/rp/DUK18cY3cfD0zk-_nBEv4bFX75k.br.js',b'',0,0,0,0,10,0,Good
GET,b'/rp/Ivjrtaa9JhEJURQVZcs0_qKi1j0.br.js',b'',0,0,0,0,10,0,Good
GET,b'/images/sbi?mmasync=1&ig=65FDD1E1CE534887B503856322DD043D&iid=.5094&ptn=Web&ep=0&iconpl=1',b'',0,0,0,0,37,0,Good
GET,b'/common/oauth2/authorize?client_id=9ea1ad79-fdb6-4f9a-8bc3-2b70f96e34c7&response_type=id_token&nonce=a59dbdc6-d16c-4c7e-b9f5-ae25c22c6c78&redirect_uri=https%3a%2f%2fwww.bing.com%2forgid%2fidtoken%2fnosignin&scope=openid%20email%20profile%209ea1ad79-fdb6-4f9a-8bc3-2b70f96e34c7/.default&response_mode=form_post&instance_aware=true&msafed=0&prompt=none&state=%7b%22ig%22%3a%2265FDD1E1CE534887B503856322DD043D%22%7d',b'',0,4,0,1,18,1,Good
POST,b'/rewardsapp/ncheader?ver=49659631&IID=SERP.5067&IG=65FDD1E1CE534887B503856322DD043D',b'wb=1;i=1;v=1',0,0,0,0,38,0,Good
POST,b'/rewardsapp/reportActivity?IG=65FDD1E1CE534887B503856322DD043D&IID=SERP.5076&pc=MOZI&form=MOZLBR&q=acunetix+donwlaod',b'url=https%3A//www.bing.com/search%3Fpc%3DMOZI%26form%3DMOZLBR%26q%3Dacunetix+donwlaod&V=web',0,0,0,0,39,0,Good
GET,b'/codex/plugins/available/get?appid=6c0f12ef-97d3-4869-bc42-c1d9bdb4a759',b'',0,0,0,0,37,0,Good
GET,b'/sharing/getsharecommoncontrol?CustomizedBranding=copilot&DisablePositioningActionMenuContent=true&DisableTopActions=true&DisplayMode=modal&ElementIdForPreview=enable&PartnerName=&ScenarioNameUsedForLog=Codex_ConversationMode&',b'',0,0,0,0,37,0,Good
GET,b'/welcomescreenassets?IG=65FDD1E1CE534887B503856322DD043D&IID=SERP.5862',b'',0,0,0,0,37,0,Good
GET,b'/ck/a?!&&p=0b7498718d436751JmltdHM9MTcyNjM1ODQwMCZpZ3VpZD0yOGVmOTRlOC1iNThkLTZkMDUtMGZkNC04MDE0YjRkODZjMTUmaW5zaWQ9NTIxNg&ptn=3&ver=2&hsh=3&fclid=28ef94e8-b58d-6d05-0fd4-8014b4d86c15&u=a1aHR0cHM6Ly93d3cuYWN1bmV0aXguY29tL3N1cHBvcnQvZG9jcy93dnMvaW5zdGFsbGluZy1hY3VuZXRpeC13dnMv&ntb=1',b'',0,0,0,0,39,0,Good
GET,b'/codex/plugins/user/get?appid=6c0f12ef-97d3-4869-bc42-c1d9bdb4a759',b'',0,0,0,0,38,0,Good
GET,b'/rp/vE266_E90czuUc-Fs55Qoq9hIBc.svg',b'',0,0,0,0,39,0,Good
GET,b'/sydney/ChatHub?sec_access_token=BQEUap4iIgc4pGkT6DJYOcP2PyYi5BPHK5Jc1cJbKaui3fwnyWn2g8vGqRGNQaGzre9X9ewthEyPSmL9KwY7jsKFsnMQL9xprQzgq1goX07Lt%2Fia1ZmvAwH2m13jmQSx4f6qTyn4B8eY7kn77YdT6Hs1HG6%2FnhziY9OrM3yg7D38kdlXDWe501QzRzZTuRbn7uKB7x18mLNPzS4XQqeChSz%2B%2B8cr1WvAZkAxVrKrllRcOlACDNuA0A547q67qBwFbZFX20rEmh%2BxVSVstKSKuPMxL%2B2OfTnWD0Z7dXIqM8sdvHVKDOSRhG3cIfAzi3xEiwkc3h%2FgH4%2FnAn6%2BqiNmUjIVlO5h3NpGzdSa59rbaevT7N1YA15joZVHttgJGlkmu0QtzubPHwMTdchwF%2F42lAvNPDwegaGd5ixRxq6JabGoVv5GUEPTCvrxNdwwReWWIypxb%2FVTAgbKNCf%2F3lDByxsKVHL3hHto%2Fn6f7QgAn6YT0nMKyBzUmmId7HoRk%2BhlbN0drxrKRtehehqJnNXLL%2FeUgkr06PL5NKsi8DZx1iDmLqW0cKHO1Y8OnuUVNq4tCr5wz%2B7%2FJa0m8q0SMSj3ZjeQpgZGDYh%2Fl2hKGPIJzWlE6WshQCoyv%2BVYVzNpgJ%2FEKxcpU611kCvez6qufwOyCknKLKsCOWuRpU50YwOCYK3csQGOu9o7tQ1k7cLcit6mZdHqFhmpm%2F8U%2FzhPObPv7CGcgtEtZEjfB%2BddFyLW0ogBEis5zafwgf2RK7D2gSueP1JFjPHciZ8m3zwiSP%2F%2Bo9SGl%2Fv8vDALP%2FkM3ey8i%2BD0ovK1oqmqm5D3U%2B7VGxiqEKJo4gs13Mq1L2BEvESdDhXTAzRbtSqs67dmbhWbnhhUIrCHVn9w749Oi5KwYmEy8rH3VIYgIxPZLm0ElyJRvfTLxlXL%2FC2qBB%2BKaor6RLr%2FQWe5vHWENFi6xb8lsE0GF2ivVGrfgWoz%2Bk%2BSzMz2Oj8GshndtKuli7vQVy2bXQMw0xLqj3CYCAt9XGF5cCv5qPY7UZWdj6fZD%2FLl2gn6v0EaYWZ7j0L1EbIo1VCE%2FZXHwAo4ag%2FvJe3eVmdEv3w3pjcBRDtSY8E8l811vAmVjCj3VhI9fQqLJlrGBxr4JbnKxVJz50paZ67F1O2ZjnWswePuhAfLGwZBuoIj2ZtlJQAgCtHsZ4fciLpgD882Pcw%3D',b'',0,0,0,0,39,0,Good
POST,b'/orgid/idtoken/nosignin',b'error=login_required&error_description=AADSTS50058%3A+A+silent+sign-in+request+was+sent+but+no+user+is+signed+in.+The+cookies+used+to+represent+the+user%27s+session+were+not+sent+in+the+request+to+Azure+AD.+This+can+happen+if+the+user+is+using+Internet+Explorer+or+Edge%2C+and+the+web+app+sending+the+silent+sign-in+request+is+in+different+IE+security+zone+than+the+Azure+AD+endpoint+%28login.microsoftonline.com%29.+Trace+ID%3A+96416e00-be5f-4782-af81-a77baab38800+Correlation+ID%3A+d514b478-694f-4ac7-8b32-8e2aa9287d94+Timestamp%3A+2024-09-16+06%3A43%3A43Z&error_uri=https%3A%2F%2Flogin.microsoftonline.com%2Ferror%3Fcode%3D50058&state=%7B%22ig%22%3A%2265FDD1E1CE534887B503856322DD043D%22%7D',1,4,0,1,38,0,Good
GET,b'/software/acunetix/',b'',0,0,0,0,11,0,Good
GET,b'/login.srf?wa=wsignin1.0&rpsnv=160&ct=1726469024&rver=7.5.2146.0&wp=MBI_SSL&wreply=https:%2F%2Fstorage.live.com%2Fstorageservice%2Fpassport%2Fauth.aspx%3Fsru%3Dhttps:%252f%252fstorage.live.com%252fusers%252f0x4ab01a80537f431c%252fmyprofile%252fexpressionprofile%252fprofilephoto:UserTileStatic%252fp&lc=1033&id=63539',b'',0,0,0,0,15,6,Good
GET,b'/support/docs/wvs/installing-acunetix-wvs/',b'',0,0,0,0,11,0,Good
GET,b'/_next/static/chunks/webpack-635c5e122790249b.js',b'',0,0,0,0,11,0,Good
GET,b'/_next/static/chunks/main-21dbb87d4b51b624.js',b'',0,0,0,0,11,0,Good
GET,b'/_next/static/chunks/framework-47270c9db4685926.js',b'',0,0,0,0,11,0,Good
GET,b'/_next/static/chunks/fa72304b-d5a87cd0bdcdc04b.js',b'',0,0,0,0,11,0,Good
GET,b'/_next/static/chunks/973b390b-bea20d806d72d39c.js',b'',0,0,0,0,11,0,Good
GET,b'/_next/static/chunks/31659383-7fa56f47597bc9b6.js',b'',0,0,0,0,11,0,Good
GET,b'/_next/static/chunks/pages/_app-82b9b2ecc263af9e.js',b'',0,0,0,0,11,0,Good
GET,b'/_next/static/chunks/3eea48ae-824401a168d6007c.js',b'',0,0,0,0,11,0,Good
GET,b'/_next/static/chunks/e42aca50-076c5d5fc8db520e.js',b'',0,0,0,0,11,0,Good
GET,b'/_next/static/chunks/2f278442-c4ce28de7b06fdbc.js',b'',0,0,0,0,11,0,Good
GET,b'/_next/static/chunks/205-ef3ae8e73d8236fe.js',b'',0,0,0,0,11,0,Good
GET,b'/_next/static/chunks/9505-0d21f700e333b174.js',b'',0,0,0,0,11,0,Good
GET,b'/_next/static/chunks/1405-2b2983775a8c0c9e.js',b'',0,0,0,0,11,0,Good
GET,b'/_next/static/chunks/8884-daa3b8bcc8f51436.js',b'',0,0,0,0,11,0,Good
GET,b'/_next/static/chunks/8395-12da2faa493b8f41.js',b'',0,0,0,0,11,0,Good
GET,b'/_next/static/chunks/5231-f019917600eea0ce.js',b'',0,0,0,0,11,0,Good
GET,b'/_next/static/chunks/9902-e3535a22a601d299.js',b'',0,0,0,0,11,0,Good
GET,b'/_next/static/chunks/8363-8be2213319b775fc.js',b'',0,0,0,0,11,0,Good
GET,b'/_next/static/chunks/6453-f1421c2e0cc3fe6d.js',b'',0,0,0,0,11,0,Good
GET,b'/_next/static/chunks/1599-72e3ad4bf6af57f4.js',b'',0,0,0,0,11,0,Good
GET,b'/_next/static/chunks/5846-09ca5eebb7468c6e.js',b'',0,0,0,0,11,0,Good
GET,b'/_next/static/chunks/pages/software/%5BurlName%5D-8a5ae57861f42c0e.js',b'',0,0,0,0,11,0,Good
GET,b'/_next/static/3UIuZ2gcwLN6HydRjAaxT/_ssgManifest.js',b'',0,0,0,0,11,0,Good
GET,b'/_next/static/3UIuZ2gcwLN6HydRjAaxT/_buildManifest.js',b'',0,0,0,0,11,0,Good
GET,b'/_next/static/chunks/3398-729cc88948b50a8b.js',b'',0,0,0,0,11,0,Good
GET,b'/static/logo.svg',b'',0,0,0,0,12,0,Good
GET,b'/wp-content/themes/acunetix/js/jquery-3.7.1.min.js',b'',0,0,0,0,10,0,Good
GET,b'/wp-content/themes/acunetix/dist/js/app.min.js?ver=1725891774',b'',0,0,0,0,10,0,Good
GET,b'/wp-content/themes/acunetix/js/acx-all.min.js?ver=1725891775',b'',0,0,0,0,10,0,Good
GET,b'/wp-includes/js/comment-reply.min.js',b'',0,0,0,0,10,0,Good
GET,b'/wp-content/plugins/acx-forms/js/jquery.validate.min.js?ver=1.9.5',b'',0,0,0,0,10,0,Good
GET,b'/wp-includes/js/jquery/ui/core.min.js?ver=1.13.2',b'',0,0,0,0,10,0,Good
GET,b'/wp-content/plugins/acx-forms/forms/ovs-signup2/js/cryptojs-sha256.js',b'',0,0,0,0,10,0,Good
GET,b'/wp-content/plugins/acx-forms/forms/ovs-signup2/js/libphonenumber-js.min.js',b'',0,0,0,0,10,0,Good
GET,b'/wp-content/plugins/acx-forms/forms/ovs-signup2/js/acx-form-ovs-signup.js?ver=1',b'',0,0,0,0,10,0,Good
GET,b'/wp-content/themes/acunetix/img/logo-1.svg',b'',0,0,0,0,11,0,Good
GET,b'/static/a2_m.svg',b'',0,0,0,0,12,0,Good
GET,b'/static/logo-text.svg',b'',0,0,0,0,12,0,Good
GET,b'/_next/static/chunks/5652-f29b51ebdcf22313.js',b'',0,0,0,0,11,0,Good
GET,b'/_next/static/chunks/5741.41889a381e04ed52.js',b'',0,0,0,0,11,0,Good
GET,b'/_next/static/chunks/167.1cf1febf7ff7ffcd.js',b'',0,0,0,0,11,0,Good
GET,b'/_next/static/chunks/1244.7febd1daf3950530.js',b'',0,0,0,0,11,0,Good
GET,b'/_next/static/chunks/9947.d1506740385cef17.js',b'',0,0,0,0,11,0,Good
GET,b'/cdn-cgi/challenge-platform/scripts/jsd/main.js',b'',0,0,0,0,11,0,Good
GET,b'/api/auth/me/',b'',0,0,0,0,11,0,Good
GET,b'/_next/data/3UIuZ2gcwLN6HydRjAaxT/browse/new-apps.json',b'',0,0,0,0,11,0,Good
GET,b'/_next/data/3UIuZ2gcwLN6HydRjAaxT/index.json',b'',0,0,0,0,11,0,Good
GET,b'/_next/data/3UIuZ2gcwLN6HydRjAaxT/browse/all.json',b'',0,0,0,0,11,0,Good
GET,b'/_next/data/3UIuZ2gcwLN6HydRjAaxT/news/all.json',b'',0,0,0,0,11,0,Good
GET,b'/_next/data/3UIuZ2gcwLN6HydRjAaxT/category/security.json',b'',0,0,0,0,11,0,Good
GET,b'/_next/data/3UIuZ2gcwLN6HydRjAaxT/software/acunetix/about.json?urlName=acunetix',b'',0,0,0,0,11,0,Good
GET,b'/_next/data/3UIuZ2gcwLN6HydRjAaxT/software/acunetix.json?urlName=acunetix',b'',0,0,0,0,11,0,Good
GET,b'/_next/data/3UIuZ2gcwLN6HydRjAaxT/software/zed-attack-proxy/about.json?urlName=zed-attack-proxy',b'',0,0,0,0,11,0,Good
GET,b'/_next/data/3UIuZ2gcwLN6HydRjAaxT/software/openvas/about.json?urlName=openvas',b'',0,0,0,0,11,0,Good
GET,b'/_next/data/3UIuZ2gcwLN6HydRjAaxT/software/burp-suite/about.json?urlName=burp-suite',b'',0,0,0,0,11,0,Good
GET,b'/_next/data/3UIuZ2gcwLN6HydRjAaxT/software/nessus/about.json?urlName=nessus',b'',0,0,0,0,11,0,Good
GET,b'/_next/data/3UIuZ2gcwLN6HydRjAaxT/software/siteone-crawler--deep-website-analyzer/about.json?urlName=siteone-crawler--deep-website-analyzer',b'',0,0,2,0,11,0,Good
GET,b'/_next/data/3UIuZ2gcwLN6HydRjAaxT/software/acunetix.json?feature=vulnerability-scanner&urlName=acunetix',b'',0,0,0,0,11,0,Good
GET,b'/_next/data/3UIuZ2gcwLN6HydRjAaxT/software/acunetix.json?feature=penetration-testing&urlName=acunetix',b'',0,0,0,0,11,0,Good
GET,b'/_next/data/3UIuZ2gcwLN6HydRjAaxT/software/acunetix.json?feature=web-application-firewall&urlName=acunetix',b'',0,0,0,0,11,0,Good
GET,b'/_next/data/3UIuZ2gcwLN6HydRjAaxT/category/security/vulnerability-scanner.json',b'',0,0,0,0,11,0,Good
GET,b'/_next/data/3UIuZ2gcwLN6HydRjAaxT/software/acunetix.json?platform=mac&urlName=acunetix',b'',0,0,0,0,11,0,Good
GET,b'/_next/data/3UIuZ2gcwLN6HydRjAaxT/software/acunetix.json?license=opensource&urlName=acunetix',b'',0,0,0,0,11,0,Good
GET,b'/_next/data/3UIuZ2gcwLN6HydRjAaxT/software/acunetix.json?platform=android&urlName=acunetix',b'',0,0,0,0,11,0,Good
GET,b'/cdn-cgi/challenge-platform/h/b/scripts/jsd/388c99dd0998/main.js?',b'',0,0,0,0,11,0,Good
POST,b'/cdn-cgi/challenge-platform/h/b/jsd/r/8c3ee249bdd13a15',"b'{""wp"":""eFu3NbfGN4uNPsUfOfg+83bt+oY+SWSjjbGfBq+w7t276u+5wAyU74fi+POua0FF+ozj+v+jtjuf+-jfhU$3z4FJEL3w7IFYoVigse+8PA+13w5Rt+UrGwWunkeh8BFr4jnc2qi+bWH3f9Oubr-LEF-uw3+K+Pf+bHA+lRGo++lq+IH9b++Jr3+zsbdsswM-a+y+lluf0YH+U66SwH36Qy+UMyTcjfWGjNRqmu+uMy76GeS$jbp212$pmlXMiohyz2$dR4X$-0$cLmtcGvZJ+fUI4BI+u6tGjflM3fb77-NuOvFwBvgEjv8WBXRdX$dvtBUqj+FpGj+fhSFcuFb+QNyPd3+0blk$XoVOJCy0fWfoBIiWJ5thG2TStX4dO+NwMvBOc6SfNH15j+fX8sCsQpLp3Thmyw$-pmKZHg5+ecZL1Z5roiu+9szyEGMMm8U0HL7uQPaVeNiDsDb+ftP2PTlhhrZIbhC-P+Oi+2Q$49Rhw+DktSfFs+jGj+i0uwve9DAn4SPL5uNfWQoCE7FhMyY8HZgAHmF$$lyiRLKrMbHtAPtKF$wUl6kfj+v9mYbe6bGI8wmgeHqYHQtXFhzUsXyZkeZM77Fi$e7$kaaLMqNSGOacFrNt2ydwh7dTmlKlh$FoXeqByg77gBoaS0OpTe6e+U630ekQ0Z-ii1tl20ky4kGip1DYda3s+Fe+-owo3QfFsV0cd++zvfXtHyN5fHyIwousMvfF6+QNdP3Nfw13NowsMYouDuIw+V+L+jKYOb7oYvswPzXdjSH+NGRh35f1wjyjsaPgk4+5ef8+jIfvNjq+0lwtIoku$Aw+HSd7bNIfNswe+yhHk3Aswjd-+FY6$uFMZvBdmtONdPt+tFo38l0YfDuF8tToGBjFbUgt2lG2fYvof+QswIuF+4aYZeE6Sm8yrgEsU$HbfHVgPpNmuVbFt6Y+HNDogbOu5+H8kGqWAQwkuzYsaJokrewvbd2UY++wKwYHVfD+HIfRcjJ+PewD3+o0oewQ0t84zpJMRCp9U4ZrONj4F5NdX66ldTckswXMfJoJfZ0XzSMljmnBrp9kwowaY7UpeVgMHobj872+e6FoNWrjv6sHjoAoeFF32VpD9cwyGdqgPBbEHj403QuwoFfH6pwo4idAbAe+Tuo2+noW7tP356FANjXudvyefkoSe+XuH-H+luGNsfSsblbpNzhikOn5ful4z+F3DhndmhkouGQ-nwDSUoZcHiYFqYd4joYYhWh3-clhNOKdQSWejoYlMjSMCw65f8VF+1GwYF35sj32rVd4FyfjmdyoWkOzLBRaaGBH46sK2flM5wY5wFmkrpKWd3O4+6qQ+Pej2NRQaiNRFOBwuUi5SvjmQ+uog1zV4g6+4QU5gYvGRfC6MSgtv4NgZHS98HEh51oJlAW-EbZH-5+u7ZE0$n$J7ocKwo$dSJ7NeSiBVNb3fZ+1oybfEE6TiH-ZZn2+OZFNDpT1pLhbfhYycFLdG$uGoTrAq1I64vXyP+eDdff4tHPvNf3E34bq7jTEq2LbeZF9RjumNpr8Sjsr1hteN9aO$zj1hqIIbCcd8gqTbBnW4ou+Hm-o5ywlf2r3okzsjd7wSwj83DszHf5d3oovM34fT2$+3SYFdwN58HPAvSQ7kNeoHGOXYcNXsPDpl2GHbf3R0dUljUkle4MC7jorGoTsG+depfjaHVNDF7btEI1+$IVSjcFfc+3lf9zfXvzLK3kIyu2gEhKKbN$jWUudUaQHo+pr0wKh8eISfYNEzGn3uTUsuDVwvryoblGLQvOJNfX447682aK0K++733uUU3BpBwplibSh0FzBaJo3Pj83ANwDkoV6+9+u6FmnJK+dc$9H3w0sLSwcY4tFtSeyf+VjvoFNsMP6utfCP7o7rM4klU0HHtHqjvuqYOzt2fp7$M8jhWgSok6aMCVcwfzoIU$H-A-bOtHkFhHCNmnBqMvK-AS+M+dj+s4U8j8UdZVSmhvIbSjsh8Iy35Nl1cLOsWsNw+F0jSHgIkffc-nEIu9+UfTNeYu6OID-M$XAS+4FkjKuAbn8-Ld8I9YQvpLyl0K+P4F+o4uf6jPJlhoowAGd+QC+7oI4kRdDklfolyHAVQtBIHuaApuKpby4NBafSf+dk8LaT8k+3Ds8wa9B82zIlobfrz0sNewE4VcGbDoVfMUkV8GNzUhKyJZaD4iB8AvdfsfWzmBUYNHMko+5n984LGTcycC6UlN0GWHDtwNZyeS7lBpmUbTMH6bNR+so6+qS6QufFKlHAMpVuFh0kZtSb-8o3U9ruj9SXHMIXDA1h3eccu8GoIhYMp5w3v+vKMkCvJf6q+uU3oEdjaF$Hc3pgMHLkzSSi+PhHovHbMYs+nFfzII3jY4UjbkpOndXORB19Edjv7SbwRL+yVU8XCOVwfaS86n-lMJwniiSNub0fr$gM$DDcHWdM85cayUKsPB5u3OFasQkJs57rP8SXEVmuGfwFDjIygsHtl+blgm3X3p610rjRIrsXtIm6Kc7ruSydljo7XsrZi4iI4ufltf92aXtK526GlSiT2rXiNmbj8Buw3FTh6vcyuOM7iyQ$z97z5S3FthIRBiyAoR4OmQVNenDI4EW9yQtVhYijrL8kmR0QX8j+ICc3pdrlXWMC1mhgZHMavhtp$XnmyWWvQbKIaVUquGUtsbXy0Yr$qLwQtsWcgM4bYmH6OopBnReyPq-Frnd4$8SeXK41wr1bhoa3vjF8s2UsPqHVzWcm6blGLH-Np8p57blnPy3pw87-P7puyzMSSbhN21IZsh+RYu7-0j4F4fnW8l+Qm6mXw36-WpVQaZAp3R6sJYBPstwBXBe0S5ftc1880bEY5qMqzh2T8+Wjavmr1BHwz1zL4AX8vFoOn0Okk8vMuffJdDpgs1NwMF2u5+iyyzaDBjwrbVWVEM7M4S2Vw3ehD8kqoHIeg$H6LpLes+N9coSIdJoC4efKfd+SitBYkfHB+GWT$IsK2O3u+5NRM9CpSBHNHRYFjg$pdy+TZ769q35zAyIWQFyGIXgfv$L9ezMcntH$j63fnkI$spOWk36nzg5RMWK5IFPwgRSk1Whiv9Bw5b6+SFdB0-UyMAbI5ooTLfaeyZ+aKCWleW3vrhnENZcSYrTBTEHWg190HywpY5rD5WYhkNPAvzRrr4wQp0FMSoU83OF4jwYgIOMk1lnVB0F8dpiVSRPhtzmeJXY2GPNWgnzpzmsGTIKCW3m3pYSfKFS1hgYkEqTZbG8HbcitjLotcn9RTM74VKU6f5KwHEHc4$l6Lyf1aSVnd$Yr-Yrs-uqSjYK4060-4dZ8rLWS+iJfGYFyZqkNb+dadaQtRi0YJ1TNRSuLQXmZOyNBkhEc0V$aB5Rd6ak5Vn3W+PP4BV4aF$KIP3Zi5$TH$PqZ0DRuTnlQl+VzQia6FdwWmjS9pdHNHHVZeHVM1d5+PHBd181lOZ49L9wjR66NbNIZkS6gTRqH-Fyb09H+Pf74THhthtdfWPNP3SsHTf3PAH7+bNHneQQF7NIRjScIBbe9$llSRj1QAnTSgDCt+8PwtgV+59CFi9kYGuf3DduPAbf8aDnuo+CWmjuwu926aRPrHnRQefH+GZG9wdAFZdmQv8eNmP3DFP7I06V4B6hs4buHyMqNdw28v4J+5ZCtkIlSlNkwkFTN736fwfFpt6vnB8tIwfs9bkXNlrfDmzcZt4Hf0Q24CS0IL9RpRj+D4g6aVNmZYwafYI080w1RY60QS6bl9MV6plyMSbYYubypmIdWgj7bFtejAMSuLzPaOamu$IXsDHvlGNJuL3lNN9iuI8KnDZ8nBlMRm67nOss4$SeryRm+GPAdmFQawrQwIwAbFRt4qPEF7f8r$IJn-FhQ-4Hf7Pd60DUfo4WrVdy+asMtXHYwfnU42geNtonl64uf04rMnNyS7SOo4R6sEQeZ14Zo+DrPzR4ZfRU8iDMpJ8CwVZN65SGbYQkSCQnFId1Z3cubupjYaIk+yN6gBQHi1Qv8vw4lqH7Rb6U9mYS49t4fs4Phup5pwFBYfaszmYZnRn43i8ebMDdR2Y1WHjgDfZ1Pekr43cga55ZoaQA+GITNwtFNTbEoD8Z8wIYac+LYsFpinwoRLp9DIrMuVNKaVH5bWpGbAg9ji6FjP8pMsp8wV+rPNMJZ7oD87NBnbbBwgIHNDNbN1ogRmbrgTkGhXNbirZYp1ak5j9eRPpviMH1P5FIsNI0n0pcP5+B4Q6akhF1RlP7+bijFRjpDpnulptID64ObnaBoLpHI5H5NPoMb$njRGb5rBbJ+f3ho3gnQoZXiNIiw1s+6hF4t-tQ8Eu5feYwbNohbUR4ZA4JwM66w9ogPVpXfztHDuQt+6cPcqQwPZ6Z8u+KHf943HdW4HNEwuNbcXHvFzlvZ5ZGokNTDiaTgh+jjqdONufSf5IBfonkPac64JMCMrjSc24mfZMmfqnss7QDHbRY6yotRBFOaEQMQSSjy5+b4$uuNPwFYFkkSNwZc2+K9MiB+doI4hoK9BlqgqtdbLw2ctcwMrrhb-6yIUIzl36apEgk8Lnym1nFMwbT+5+drPoHRhfsob8b69HI4J+SIar7fNDVj5XQpXFISZrld-QsHRgTgwSIcurW19S6aj9yg9cezZi9DbhurE8wbLuhFu+D9C67HWsumvtDr+aMrR83oPHqtjtudub5NiHz5q4TZ2w-MksqQDHJX282ZWmRhlS+FqMwPthlDvRWoghjskHsom87kO+y++Q$w5+Ns+6XmMtB5jpXb$Pp+suS5aQa4vy5NvyqPVZi+i+h4l1ZHmcuoDuYahrg53+bNRp0wR5V1VbMM0QK1TQ5j+8XIYuWanlnpXIto4F6sFdLoni3tQSBDUZbl6rrDHrJDT1T8u+wa31eMsnQhF+FhBfFhIraIXP4m1r59oNN+$mBNbicmAIqa2lTla1ijkS95G1mlMFcQ9ML5icVMc559BZ$ITkB3n5KXjhPjBYMWBzeM$IFgbaApZwXSXIPjG1swkmVlzw5ZL4BjinIMPFhM4Hlcp8PtGHsnAHywAb5MplhN2+VwBibn95iibcEmQ5LyOZU+GjG1PRmHH+zZqPr4JZ9i+iScdNC8PsXHXlBkLwv4Z1NoDF-PaHSyg9pHYgrDOp06H2iDPawp5rYgTH4jLkjO$1Oa7kgw0XNc46989IAaGbcy4XAwVjba9DPo113i2lh1h1NITNw+DrOw-ckPrdq4X2Tgit8HAr9QGcYO$Sicou7boO4RyW+jaZpo5X-sqnF9UhUg2u6aLPw1ANQwIQlMCrTtgliWLsrpdn+QrMSNEz7yT4DMgnVfibmX3wYmLi75ScwnNiwbzhHio4DH8M9wLtmnGyTRiX7sGnGoq8uQXMsFv2IZsMWi4McHmHZt1rVb6d5f-r8rbie4XaaDehlIm4HDa4TmFnOQKMomj5BzMiNfHf5aEm19tZ8m04MSQNfOgI7PT2o9NIL2eN$5H+5Z3Pnsgh$yiXijAMS1pXGbBM5tM5Kchy+vrlkNiaOdScosmnYriSlpC6ePXoV4Wy-RNyJcJ5COY10amzbSGoUPNHyolIv4v2wSDm96R7073N59IPJN-+kreMt6Fg1X57RpS5Fi3pXINI-pVYsRFwDsFIFRt2efMy4j0SZcbh6ORM81QyXFIyybWpCuGSlrlMl4ppoRHeKiTge4qu3vjoEBHbFdRDkm+lHjG1tR3z1hUP8Pj4CFjiESeRDgGcHNY7CQt9ZFs4s91hCwS+fwwr$6rpNONwHRn8F7KIAflhQwV9D615KmXHihQqtXQvmswBZU+9WXlDFaybYBFjoHM24kMjS+vB5SN4HugcaDitvRy+LIWanHcwk6S1ZjqrwHiPBDcNrQ+c9oL5YZqfASjq2u4Hl4PnDU3NCBXqM2+v8DhFHvlo7D9SYP+Z045+MPyyMOpnYFEF3lIuZt2n1NAbeNAfN2t5+D4i-Bm1TYudZPGIThA6IrgeoH9BqFVD3ae+WNfI+eTrJ1Tt-yf75f1qRwS5GB$RlnmlgMmuQSuNTfA7L3LSMjXNHyee4fi5qRAmHX760QjFdFWsK7YFIQ0DQaEF$Mso0wJ6Yylv1n0M7Q2PSdybrFKytF2unOmrqhJNujO2niG7ynO1erK8$SM4qrrRBf3lLOKcLuuNyIAISHuyAbMjMu6enf71EzArjFwZrdB3Mh1QSyjMtU-W4ZzByoRJC8unBbFDCzCq+P2c25-mGjvX955NflbRQPVRk2u1rX1niQYVQo4FU4u476C74jPfBy873DHsqn7w60RW5IOBHiwMGEus+l1OqqPXgOk+1nmZAPHmbnrlFN97dS0hemvdIJJNrDm9unmrJJ9W3jQD9BWVZBoH$cPvXt1n432pgi0NwEsk4o31bXcwoNsoNUWmRqLMb7Km24X5obnmAbsEkjShroPPmV0MGe24kj9V-wsQtqGyMqO9mYddK0c01QvPznOuYgz4AgunMbmpRm2EGU2h5pkI9eHit9Fdymqn0MU2zXHpRErDeB1t2+36HcXpFo+M0aC5414RpBhsAJ$XuGmvIS3sF2Ln2+AfW2Q7ViiOwM$mA4QUw53Ih226wQIE7K810mY0QZfjYSnJqevgssMMMgjeF5kM0XBDMFfD0KHfk6FtMtAPdV$DdF3BIUK1nO9BXfKp1e4e$1akgc0Qy-SsSLqgHSXNUb5au4tFH7ob$m24oJEeorOwbpH8iD5bP+4vwnULbKYEuPQ9RFQ2Y1Qr0JQqrJzFK4Xml2CloLXI8EQD5Rcv$m1HwQ7Q-ETtIKC449fvYeLWjIOOHNhbIl5d4mu0cllQo2fo91mUCEGnQENOhX9qHBubsi3MyaawHbBF-H2R3IVHArwK04YhjIo4eNj5bs+hgUlbdFBXJX46NIaPfph75Zj-gp8F6PJDnDe0hmV-p-uMWhjp5RlKmYIuL3QPh4tF6P9-ljW-1r4Ys1bblnzEpKBnwdew+DqjHvT7I2KQOUEHMmFjGyoO6uCs7SO08q2ypv2R$mPOgEsoF7YZN6DZPZqVzQvuDnDNB4MiNI61VNBRI4Dw$GSh82A+s8ASnhiZKrzJijLm$UgKut5WJbNXXbQa0v7INV2PeOZ6-8Q2Pn4oYV6nb5viTvB+GapHuN2hX1EhYWpsoM2PqU904mSfGNcfCMhaPo+c$qP29HJeapAGjKSjWLdF-2RLQ9wWZ9OmbG6reVmlkKQRGGrigoUE1NkwDhezSXyNWdY9kMwIWCLVFEAWBi3rO8sX0vZ1pXVPewfSi8B91ourtXCrCrdH7ajFpDu4LFKmmZVFK9eLXMrj0PEo8mtMJGh$0KQ9pTjZW+pfJfqmGSRNsCubcAK2m1ebB1BXB8VrwKwGno7iLOkneXHFBIkIWZCu-XiKvgMJfrjth6hoKJQfDR4ZqbA+ApUSgj1VkIL5luXat2oXfWuMMH0GhC6pMrVAVfA4E60gOyPq6P58wNAXnlcCIFs4CXeJCJ68lAnM9lrig1LVsydSlayeopCp6+H+wbDtSRf5EoJ5q$cOifDe7bRVyPMcGYJIf5MUUfuUUlmXlftKFAw1C0qSopJcG5mNmGk2YfnXGX36DNShsYWu+Ik+4$fycHmr9e+Dw-+obvUty3mQTUpioBY0g-Sp08lwqDk5eoFHIsPTrI8YkVYg8KU7yWTldoufhdC0Phr+HjSvckMvtPp7YmsakiajmtflhJm2wINIr9jT40qs$ENBZYOsly7fmfqVfPs1VX7zWuZJ-z59otlyKiK3wvgJHV3Z5vcqcUn+MpFtAPzsfGEF5jPyQaWjOP3-1WgMjBRRzKuBcnWatq+kkjTbyHFyjub$OWg0oY5b7euw+l+tafXsdWGs0wt-T-jak7NskefbwXjLMeFeXn0by-J+4u6G3d4vFgPVyPieylkNbITvql8kewsGfBwpu4RICcJh4ov+j71M1ZUSYHNI+s+Ty6FvNwdzNBvYJCn95o+LRG+MpPdcHPHwPwTcwFa9s1l08Vk3uDSE+wb6YN3+8V8-5jlu8rY-ueNw+DjpFU6s$D0fDu1Os+wE2NN2NUUzdHUUAl1F$f8+nd5u1U5Tozt4urdJ7fzsEf0PS3Fu$BrAqNNjkGYGWjRb3sRMjzhOVFsne3mIa3tndG5sw4yNIwu+R-7Bo-byh6kZG7S6jI4uM5tsI+vJtwo5KbUIIPz0HkEUwjSvDuLY5omd4wmc5ApZP7Fguiwnkf9fPy6S3HYmqmzuzfukW2u35nKWcwlIPIKHKFSC5To3kr3SwP-cbu+YXwS3VPGIljkkNRz6vG+8ymwbrN0+D5ywGUfl5PSFzMlFPvoUbiVwTMrYk5I7-fkN+Jkl+BlIjbjwJdc+iI1H2le6y8lok3t2Hk9HMiKsO3utuPClUZ2N+AIdPb3jhcpWJbvfgF3mNpVpubtdkhucqm3mtflN6kZhP0P0mw+cIFtfAC+bEh4UG+aQCPG+o01+fGfJ+nIC3qoa4I-D8HnInHdokckWbXceU2u7yhVk+SrjdHKMLFQ$ycFyzgILwy5YuNRwmkJYiM6GjphXsqA9jl6IwPIoiw9kqY5F3d+-8JarbVl3LQyjb8pbhjOHFP8ecymJwc+huzFMU4Ka8pe39ysjK0fRUXdiVN7D0jUQRqCsp79hsaGyQhW7agzHIEdhtM8jsomzYTDEUAyM5cYH+4IsHEsvybyS7ultf+jYcU8lSok1tJZ8bIyNLonNCPQwMAmwsGbGtqtOwAUaRbV8jZdJPuphoSOrQ1f-PSZXHNSuUsewF+Nu2u3O+IsBfttoclwmLIlDY3+uq+qpfcscjFjto6jvSjMvwf8AcyAK-Ya4sZYZAjHh5AjGIuQYkdNTCUeALIeUi9Ng6KHaSsM6sYJ6vjV5-U+HN3+W+4+KpX4enI+fjjYyNdh3ooS+j$jiP9S1reXfwNQy0upwPlycaFNfSJuzXGsNsed+3jT+Wy5+8-cpfGjt+9PsH6cvCQhtUo1uCAUAm4zPIzGwMsEbjoUZ-IOtJ+4DU$OvzisDwZkXT8XbvHTS44a+1jPFhGjfS-JrPJb0KaSoOkl+clj4NK3S5mGete+6MqcwWsL+bYCygLUqIDQbjaJpwvu6Z6H+++MSdv0NlocG3PsanONJgMIbM9y5f+Yh7z3YnBVjNwmrs8NoolfkwTbQHK6hp99emYkY1ikobf8I+LSqCLbK$6ElzURf0LXDbNUPd6KCMyjuti2OAMvtH3e3m0M6+EprbSMMruisNvFumKmY7XXraX3nj4mH3$Pb$q4O4wS+eAlg4uoozR3KbFQj7OSmz75cI+pIWgUymw+WavNXUDOwHUCsZnY3iwU$nkIDjrw2DsusPdoX3uroRmRQFPDZfX6lrwjlt+PDqbsscrY3DGSTeMi4fLadFcQ6QuoHHaqYlgsJS-qwQ6spfL0VQIU9$kyshY6QzQMjJ7ffo4+mkW32F0mcGfdkH6AfBwOS1ta$cLk46i0ibjo+roTWZTuGdvKaUPhGYRjLFayDouWifIXt8ZP-cFsHYEch+f+yd+F8KR2NH3jv6RlYN2zBM-HdPiqfIB6ieHl+Qw4Wp98DcBzddz3s0XOv$5c+9yNUQb6WwSb1+f-$WjYoruSzwZvjVl4AsyDDYPj+d3EudflIi5bAqlZ7ypS071hbAmZaZmtYwzF+lI2wkWL3wyhPbawj+yy21HYbjfdjwuJ+8bffoVw2ghdscbzcsUSNT+SMaRyTQLvNRJ+b+$sbTGrbu53jnPNR8but+AICHGFHbH460lNbPfKw8+bTS5skSuloWwRyfGiUjyBmh3gyO3LjlNffjjuzXvtU3HL5gbUyg$Sk63VrRPMjMmbAYIQNUuMgjsHwSfGOo4YulT7kbkuQCuWMdf2Z4bCl8L3EiBWV+tyfTSuHtdLYYsVTl0S7fih2Z-u2gGInL3UzDgfsF3IQsLi5X3IYsrPugfdE3pLWO5Rc6Y-dk5u1gq5cZbTnCvFmPjb+7US3fLuEIf3UYwe6tP5kgn$NqZgkzlfLe$uqgrkk5ltjwr1YSwcXG4yQbwE4oa5ZsS+udescG1N70uASYjayNyyMlyStCbTI5EHiQllGa7Xt1wEWXpliPWSC6nFHLhB3DhsA0jlgfpmfjrbXwofDyH31neqZMwaQozjEiCcksibYTIQacQPI9unwgTSwsG3qWtc2pXFSjtnNkujdWJD3woav8pFsZ6SXdf-hhmrlw+ke+GpUMIlusX08g+tGKs4dHtahhW7tvCgt31gDwSp1GYLlVidtUHWwrbots2hBfzcsAT0vVcOy5UKOhkO64ZlapLlaZjbCLNyMtd5+dsDPks-qtrNwG5cakSsSDNBYe85mJSYTXKNY1CIOcWl5MnbVrRZSBsXldcPHMvXH+ek6lzAa358sT8lumlpsjXqDsc8z+P8X0Ii6fXLga+nl03Yi6ubod8Zj7qyEVoYy8AaZjpZKhP0sy1k5wpQmQIlpUd+paco6ufllJLc+HTAh6-Z4bMm19jSPklCjky5t6lrlcbeqo+pp+D4rqZAeobuzII3Wr6vpaewcYfVmOp8mTgo6mAreXSzemcp0IyPJjakpQ+aFyk6t5C5+8D5H4HBsY+zXJfbwCkgTI4udbGp0uLRm+oP35+MpFc7ojtG5MgXOf+BiAi3aufV5qgyBn3$MmHo9i5pt+w3bs+Vet1b+ks2SY+bH1OzFHQlsWMhjCUujKpnYr3eVGRMcdmMjcsATOeqjH+gbtWwyUKnkIZIOSMBeWsvSyoZ5pj2MoHM+UOBZQw8vm6joeKCedjVUUyAJoy1Jrezfr0pLEX7SOsqXcfXdJyrycrqoynp-mKP2KmwsEieWTmY40$jWJuf7g2B4lJs1DqZmN0gBvbAoPriLmCMQH+F00kv68sHDuIyjq$XqXjOEpUZWoVJXiu9c7GzyQRhplDgV+trFu3wz$-mqE5npBmFPsTXCejy74EZIwhtS7NqXtrs+-Tf$o-r+1e8kezAAfPiN3m6+wsEodNGOaH7k4UsuhrfX3+3BFlbscwnll6ruyVFKI8oAzGMMH1ufTZyhRYPhkA5V5oehwPjNibF208AyYk7gXMMicdITsNokI1QM51TpgBwkV6XIE5m4fvtmh$ILEkWXA46sTlEgnLYeynrRZvkEg1HVm1hnNILbuk66o1154CXewOTQyhbynrheNoTtj+kSBufiskSYzGF0Aymk0uqkEXo-HDmcnjcjSphrt0byyfdcpXkrKwJrf-4Uc-X2zI5VG7U4UcQlrrL5HtynpUcvl0$Pe0n5NnWcMXAzmyV0N3DWeVSO$y7H41InTe6hOn47VOXCpQ71S2zD7Vw7NlEedWMnQUHPODlrmQR3P3rz1y8lccy5v1pg6unn8FV$OiQ4+BFB+rwbQOHZmsJvBilnYtO2rfCgTB2lieZotZIcfoI842cAwNZm$VF2L86uROAzX$pWb-r1VTWW8SjH2m3rve0OZsKIVFBCpOVoRE$Iyp62HrmsNoE$yeMt2PrIVERZsQBEt2up-VEodXr5ctBUp1beXTc-gVvt8nJm1R7m0OfYBznXm+JVdlfrGBhdQm-vzK-RrFD+RHMNpg5QgUm2brDcgXYzP4pzjkpiZhJ2mL8JWB49USTpE1nRH$y49PK2pJ1ml0VOOrgmSJJm1KpjbJr9K4J75InH2yJRLmIpEBKcHc774u46+USLYMj7eYh3euilng6gwHn1+WWAsuQg3YVlS3I+Ds+iV7HE4r3LH+Uuh8VN5lAfUu++8IQY83KPVaUorGYJ+w3-0v0ywNrag3b3yjmAUyb1iTty3bMUSNwhX3dYX+JSK36+++N7C-BblnDO3Gjjuyju3odoEf5j7fUuvu6GfFiWZ1+e8GFQcf5bW7MAnHHJ4ywckuBXuXTBPmY+-ulWtKW+jse$YHiPnT+JoACP7qNbAd5hURg5oUaz+edLd0bSFN+cCbGYaWf+I16GsCBu6vdLG3rHdkurJkld1Ui3bNcn4GYW+A7O0vd+++wLj6+9obkf3+++2w3L3e$t0NC3qJ6Gokb+Iv+ikowNKmcZRIuN8FtH+os-wC31M-bUUejGJ97aG+1uN+73P++yAfBt-d++byIfO5QKOUwBGPjAftGwuGOsHfq5Zf5d6jL97God+2f23AIOjvHa7NXfi+djNdeuobNRun+2A53NZfPjP+N+Cd4jUYMTHq+LEXGN+btY9N$YM+2CsG+jIC+C-5dOPnzbdfH3fUROqd5ZfXoTHg5idgaE$b5dPjW++EKUNTojo7Bl+NeXowZfIoPzO+QbawLKk6a03iujz-Tw3fdjYH+7uGUzm05sNRwiuXQEBsPjPuYdhwukfMa6gr6vjrd-5+1HVbBoKJ0tQbElWYw9Gs+4hZzDo1eWGYWsC-B3+PfYkBaMeafauWsophz9OewTCjwv+Wot+b+UunusUL5h2dPjP+87fF-cbOod+QdKwo3nvNoaPj5+Kwv7-1+d4puagabvR6+eCR7Qrwk+AJb2X8NmvUuPV-Z6Xemjy+S+IH75Kd+j4BujFXDnaWTqWtvjXuv5IsN37ESPj++PhZhZbM$WF8qXYSvzKR2SL-dLGqEhvSjt$q+6PO3a97vN3B$PmdwqMnbDRsSC-rw67XPIyuG3++1W++"",""s"":""0.45616971477918855:1726467121:JDBECc3TXOTkioUC-NfVkXk6auCY8BKQGlQzFpAeq80""}'",0,8,0,1,11,0,Good
GET,b'/api/proxy/items/577cf0ab-5f27-e211-aff1-0025902c7e73/likes/',b'',0,0,0,0,12,0,Good
GET,b'/api/proxy/items/122a07c3-4f47-e011-8d53-0200d897d049/likes/',b'',0,0,0,0,12,0,Good
GET,b'/api/proxy/items/b0e7debe-5047-e011-8d53-0200d897d049/likes/',b'',0,0,0,0,12,0,Good
GET,b'/api/proxy/items/e0935966-11e3-df11-aa71-0200d897d049/likes/',b'',0,0,0,0,12,0,Good
GET,b'/api/proxy/items/9766eb36-1f99-423b-9082-f9a6cdbe1ce7/likes/',b'',0,0,0,0,12,0,Good
GET,b'/api/proxy/items/cf06ff8b-c902-e411-a4b7-002590a05f5f/likes/',b'',0,0,0,0,12,0,Good
GET,b'/api/proxy/items/b304cb6b-e999-4945-8311-bd64e4134ec5/likes/',b'',0,0,0,0,12,0,Good
GET,b'/api/proxy/items/e03d56c1-0835-e011-8d53-0200d897d049/likes/',b'',0,0,0,0,12,0,Good
GET,b'/api/proxy/items/40617176-8236-df11-b12b-0022190f5762/likes/',b'',0,0,0,0,12,0,Good
GET,b'/api/proxy/items/d6492e88-aa77-4ae2-87b9-ce06e8c4cd3b/likes/',b'',0,0,0,0,12,0,Good
GET,b'/_next/static/chunks/bdd0c3b4-7ec98d6a56e20385.js',b'',0,0,0,0,11,0,Good
GET,b'/_next/static/chunks/32c7e079-22a6ca750453e1cd.js',b'',0,0,0,0,11,0,Good
GET,b'/_next/static/chunks/7956-505212101f7aef1c.js',b'',0,0,0,0,11,0,Good
GET,b'/_next/static/chunks/1310-fb0831c6c6e6acb6.js',b'',0,0,0,0,11,0,Good
GET,b'/_next/static/chunks/pages/software/%5BurlName%5D/about-445726f277c4d887.js',b'',0,0,0,0,11,0,Good
GET,b'/_next/static/chunks/7162-743658d8b75fd3db.js',b'',0,0,0,0,11,0,Good
GET,b'/_next/static/chunks/pages/browse/%5Bbrowse%5D/%5B...appList%5D-a0ffc5488c061076.js',b'',0,0,0,0,11,0,Good
OPTIONS,b'/favicon/?url=https%3A%2F%2Falternativeto.net',b'',0,0,0,0,10,0,Good
GET,b'/_next/data/3UIuZ2gcwLN6HydRjAaxT/software/zed-attack-proxy.json?urlName=zed-attack-proxy',b'',0,0,0,0,12,0,Good
GET,b'/_next/data/3UIuZ2gcwLN6HydRjAaxT/category/networking-and-admin/penetration-testing.json',b'',0,0,0,0,12,0,Good
GET,b'/_next/data/3UIuZ2gcwLN6HydRjAaxT/category/developer-tools/web-debugging.json',b'',0,0,0,0,12,0,Good
OPTIONS,b'/favicon/?url=https%3A%2F%2Fwww.g2.com',b'',0,0,0,0,10,0,Good
GET,b'/_next/data/3UIuZ2gcwLN6HydRjAaxT/feature/proxy-support.json',b'',0,0,0,0,12,0,Good
GET,b'/_next/data/3UIuZ2gcwLN6HydRjAaxT/software/burp-suite.json?urlName=burp-suite',b'',0,0,0,0,12,0,Good
GET,b'/_next/data/3UIuZ2gcwLN6HydRjAaxT/manage-item.json?id=122a07c3-4f47-e011-8d53-0200d897d049',b'',0,0,0,0,12,0,Good
GET,b'/_next/data/3UIuZ2gcwLN6HydRjAaxT/software/openvas.json?urlName=openvas',b'',0,0,0,0,12,0,Good
GET,b'/AS/Suggestions?pt=page.serp&bq=acunetix+alternative&mkt=en-in&qry=acunetix%20alternative&cp=20&csr=1&zis=1&msbqf=false&pths=1&cvid=0BFD6CDD9F0B421CB013A78EDF2543AC',b'',0,0,0,0,41,0,Good
GET,b'/AS/Suggestions?pt=page.serp&bq=acunetix+alternative&mkt=en-in&qry=acunetix%20d&cp=10&csr=1&msbqf=false&pths=1&cvid=0BFD6CDD9F0B421CB013A78EDF2543AC',b'',0,0,0,0,41,0,Good
GET,b'/AS/Suggestions?pt=page.serp&bq=acunetix+alternative&mkt=en-in&qry=acunetix%20do&cp=11&csr=1&msbqf=false&pths=1&cvid=0BFD6CDD9F0B421CB013A78EDF2543AC',b'',0,0,0,0,41,0,Good
GET,b'/AS/Suggestions?pt=page.serp&bq=acunetix+alternative&mkt=en-in&qry=acunetix%20dow&cp=12&csr=1&msbqf=false&pths=1&cvid=0BFD6CDD9F0B421CB013A78EDF2543AC',b'',0,0,0,0,41,0,Good
GET,b'/AS/Suggestions?pt=page.serp&bq=acunetix+alternative&mkt=en-in&qry=acunetix%20down&cp=13&csr=1&msbqf=false&pths=1&cvid=0BFD6CDD9F0B421CB013A78EDF2543AC',b'',0,0,0,0,41,0,Good
GET,b'/AS/Suggestions?pt=page.serp&bq=acunetix+alternative&mkt=en-in&qry=acunetix%20downl&cp=14&csr=1&msbqf=false&pths=1&cvid=0BFD6CDD9F0B421CB013A78EDF2543AC',b'',0,0,0,0,41,0,Good
GET,b'/AS/Suggestions?pt=page.serp&bq=acunetix+alternative&mkt=en-in&qry=acunetix%20downlao&cp=16&csr=1&msbqf=false&pths=1&cvid=0BFD6CDD9F0B421CB013A78EDF2543AC',b'',0,0,0,0,41,0,Good
GET,b'/AS/Suggestions?pt=page.serp&bq=acunetix+alternative&mkt=en-in&qry=acunetix%20downlaod&cp=17&csr=1&msbqf=false&pths=1&cvid=0BFD6CDD9F0B421CB013A78EDF2543AC',b'',0,0,0,0,41,0,Good
GET,b'/AS/Suggestions?pt=page.serp&bq=acunetix+alternative&mkt=en-in&qry=acunetix%20downlaod%20&cp=18&csr=1&msbqf=false&pths=1&cvid=0BFD6CDD9F0B421CB013A78EDF2543AC',b'',0,0,0,0,42,0,Good
GET,b'/search?q=acunetix+download+free&qs=SC&pq=acunetix+downlaod&sk=SC1&sc=10-17&cvid=0BFD6CDD9F0B421CB013A78EDF2543AC&FORM=QBRE&sp=2&lq=0',b'',0,0,0,0,43,0,Good
GET,b'/th?id=OIP.TuCFxs91O8gsE3SEzfPjAwAAAA&w=138&h=104&c=7&bgcl=6dfb3a&r=0&o=6&dpr=1.5&pid=13.1',b'',0,0,0,0,39,0,Good
GET,b'/rp/lLk8XmbdNzzlnPRzVzDhaF9yjqw.br.js',b'',0,0,0,0,10,0,Good
GET,b'/rp/V_fBQ_iVmAgE_Ta_T-6BNXc0ZY4.br.js',b'',0,0,0,0,10,0,Good
GET,b'/rp/_2I169N92jVtSc_VEsV0nma5sRY.br.js',b'',0,0,0,0,10,0,Good
GET,b'/rp/gKwIRAF4fg7noG1zyeUz8x3Jdhc.br.js',b'',0,0,0,0,10,0,Good
GET,b'/rs/6s/xm/nj/nt6a1ZR520utsLoZmSYgwxdOPgI.js?or=w',b'',0,0,0,0,10,0,Good
GET,b'/rp/K_V1CARn2Q2lTs5njJKUvUkHyi4.br.js',b'',0,0,0,0,10,0,Good
GET,b'/rp/NfTD8Ovh04Y_Ni14YxqYB8R_2_Q.br.js',b'',0,0,0,0,10,0,Good
GET,b'/rp/fRSNKQanUHk53F1a1Bi8UA71Qt4.br.js',b'',0,0,0,0,10,0,Good
GET,b'/rp/6mZmj1db42G_jniFgdT7MCvBgyA.br.js',b'',0,0,0,0,10,0,Good
GET,b'/rp/iY8PAEydb3lbGfuJiuA9ICzXgY8.br.js',b'',0,0,0,0,10,0,Good
GET,b'/rp/yZjAz6-B4hIBhJ6D3nAyY_Ebn44.br.js',b'',0,0,0,0,10,0,Good
GET,b'/rp/UftfQbYuKvGGEUHPU3QGHYd90Z8.br.js',b'',0,0,0,0,10,0,Good
GET,b'/rp/jA1xMqBzlpnpE2ru1-s0ybbi8MM.br.js',b'',0,0,0,0,10,0,Good
GET,b'/rp/zlfm-hC70pZAs62UVTTl3KShKOE.br.js',b'',0,0,0,0,10,0,Good
GET,b'/rp/2LhASpM_B45Dkt22jdRkKWDJqnA.br.js',b'',0,0,0,0,10,0,Good
GET,b'/rp/EmbwE8rah_7zdUQkosWSw-5nAPY.br.js',b'',0,0,0,0,10,0,Good
GET,b'/rp/44Hadr7BiNLQdKT4SHan0JHPRgc.br.js',b'',0,0,0,0,10,0,Good
GET,b'/rp/X-RU3l-2R4Eoz9TUYWyziyccOjA.br.js',b'',0,0,0,0,10,0,Good
GET,b'/rp/wkWt7BtQdqUJkCPKQdJdk548UFA.br.js',b'',0,0,0,0,10,0,Good
GET,b'/rp/Jnh8f1BaqA6QhGEDPml3FtXpFbY.br.js',b'',0,0,0,0,10,0,Good
GET,b'/rp/X9zPQVZQzKFTYze2B2WNn1LJCS4.br.js',b'',0,0,0,0,10,0,Good
GET,b'/rp/XvPs3zdtm8Xfl-ujR40Xu7FW0LI.br.js',b'',0,0,0,0,10,0,Good
GET,b'/rp/QbhTTihqpIpuQBHI4z0cMxYJtFg.br.js',b'',0,0,0,0,10,0,Good
GET,"b'/rs/6s/tg/jnc,nj/2RFgnacsz6nPw9vvxd8AGFyaQr8.js?or=w'",b'',0,0,0,0,10,0,Good
GET,b'/rp/y1tiMssL1_ZRGIkBjxDYmR2kX8o.br.js',b'',0,0,0,0,10,0,Good
GET,b'/rp/wNhUjm3kl_kvyfrio44J6j1zdYo.br.js',b'',0,0,0,0,10,0,Good
GET,b'/rp/8w26ODmd1hk4C30WJtfkdBYFSfE.br.js',b'',0,0,0,0,10,0,Good
GET,b'/rp/ID-70CBAEOXh6Nwxga-CxgpUq4k.br.js',b'',0,0,0,0,10,0,Good
GET,b'/images/sbi?mmasync=1&ig=127999AB1A614A89B38DA9F49B51C79C&iid=.5094&ptn=Web&ep=0&iconpl=1',b'',0,0,0,0,39,0,Good
GET,b'/common/oauth2/authorize?client_id=9ea1ad79-fdb6-4f9a-8bc3-2b70f96e34c7&response_type=id_token&nonce=339b377e-48dd-4dac-88ad-9b7966b03e80&redirect_uri=https%3a%2f%2fwww.bing.com%2forgid%2fidtoken%2fnosignin&scope=openid%20email%20profile%209ea1ad79-fdb6-4f9a-8bc3-2b70f96e34c7/.default&response_mode=form_post&instance_aware=true&msafed=0&prompt=none&state=%7b%22ig%22%3a%22127999AB1A614A89B38DA9F49B51C79C%22%7d',b'',0,4,0,1,18,1,Good
POST,b'/rewardsapp/ncheader?ver=49659631&IID=SERP.5067&IG=127999AB1A614A89B38DA9F49B51C79C',b'wb=1;i=1;v=1',0,0,0,0,40,0,Good
POST,b'/rewardsapp/reportActivity?IG=127999AB1A614A89B38DA9F49B51C79C&IID=SERP.5076&q=acunetix+download+free&qs=SC&pq=acunetix+downlaod&sk=SC1&sc=10-17&cvid=0BFD6CDD9F0B421CB013A78EDF2543AC&FORM=QBRE&sp=2&lq=0',b'url=https%3A//www.bing.com/search%3Fq%3Dacunetix+download+free%26qs%3DSC%26pq%3Dacunetix+downlaod%26sk%3DSC1%26sc%3D10-17%26cvid%3D0BFD6CDD9F0B421CB013A78EDF2543AC%26FORM%3DQBRE%26sp%3D2%26lq%3D0&V=web',0,0,0,0,43,0,Good
POST,b'/orgid/idtoken/nosignin',b'error=login_required&error_description=AADSTS50058%3A+A+silent+sign-in+request+was+sent+but+no+user+is+signed+in.+The+cookies+used+to+represent+the+user%27s+session+were+not+sent+in+the+request+to+Azure+AD.+This+can+happen+if+the+user+is+using+Internet+Explorer+or+Edge%2C+and+the+web+app+sending+the+silent+sign-in+request+is+in+different+IE+security+zone+than+the+Azure+AD+endpoint+%28login.microsoftonline.com%29.+Trace+ID%3A+44419e56-5e81-490f-a92e-270526d17b00+Correlation+ID%3A+c4e2f5ce-d523-4a20-886a-2cc44d116fc3+Timestamp%3A+2024-09-16+06%3A44%3A52Z&error_uri=https%3A%2F%2Flogin.microsoftonline.com%2Ferror%3Fcode%3D50058&state=%7B%22ig%22%3A%22127999AB1A614A89B38DA9F49B51C79C%22%7D',1,4,0,1,38,0,Good
GET,b'/codex/plugins/available/get?appid=6c0f12ef-97d3-4869-bc42-c1d9bdb4a759',b'',0,0,0,0,38,0,Good
GET,b'/sharing/getsharecommoncontrol?CustomizedBranding=copilot&DisablePositioningActionMenuContent=true&DisableTopActions=true&DisplayMode=modal&ElementIdForPreview=enable&PartnerName=&ScenarioNameUsedForLog=Codex_ConversationMode&',b'',0,0,0,0,38,0,Good
GET,b'/welcomescreenassets?IG=127999AB1A614A89B38DA9F49B51C79C&IID=SERP.5819',b'',0,0,0,0,38,0,Good
GET,b'/codex/plugins/user/get?appid=6c0f12ef-97d3-4869-bc42-c1d9bdb4a759',b'',0,0,0,0,38,0,Good
GET,b'/rp/vE266_E90czuUc-Fs55Qoq9hIBc.svg',b'',0,0,0,0,39,0,Good
GET,b'/rp/CuoJ-XSESmq5e-S0atX4JdNgEbQ.br.js',b'',0,0,0,0,10,0,Good
GET,b'/ck/a?!&&p=0b7498718d436751JmltdHM9MTcyNjM1ODQwMCZpZ3VpZD0yOGVmOTRlOC1iNThkLTZkMDUtMGZkNC04MDE0YjRkODZjMTUmaW5zaWQ9NTIxNg&ptn=3&ver=2&hsh=3&fclid=28ef94e8-b58d-6d05-0fd4-8014b4d86c15&u=a1aHR0cHM6Ly93d3cuYWN1bmV0aXguY29tL3N1cHBvcnQvZG9jcy93dnMvaW5zdGFsbGluZy1hY3VuZXRpeC13dnMv&ntb=1',b'',0,0,0,0,39,0,Good
GET,b'/login.srf?wa=wsignin1.0&rpsnv=160&ct=1726469093&rver=7.5.2146.0&wp=MBI_SSL&wreply=https:%2F%2Fstorage.live.com%2Fstorageservice%2Fpassport%2Fauth.aspx%3Fsru%3Dhttps:%252f%252fstorage.live.com%252fusers%252f0x4ab01a80537f431c%252fmyprofile%252fexpressionprofile%252fprofilephoto:UserTileStatic%252fp&lc=1033&id=63539',b'',0,0,0,0,15,7,Good
GET,b'/support/docs/wvs/installing-acunetix-wvs/',b'',0,0,0,0,11,0,Good
GET,b'/wp-includes/js/jquery/ui/core.min.js?ver=1.13.2',b'',0,0,0,0,10,0,Good
GET,b'/wp-content/plugins/acx-forms/forms/ovs-signup2/js/cryptojs-sha256.js',b'',0,0,0,0,10,0,Good
GET,b'/ck/a?!&&p=9e8bdcc7048627dfJmltdHM9MTcyNjM1ODQwMCZpZ3VpZD0yOGVmOTRlOC1iNThkLTZkMDUtMGZkNC04MDE0YjRkODZjMTUmaW5zaWQ9NTI0NQ&ptn=3&ver=2&hsh=3&fclid=28ef94e8-b58d-6d05-0fd4-8014b4d86c15&u=a1aHR0cHM6Ly9hY3VuZXRpeC13ZWItdnVsbmVyYWJpbGl0eS1zY2FubmVyLmVuLnNvZnRvbmljLmNvbS8&ntb=1',b'',0,0,0,0,39,0,Good
GET,b'/',b'',0,0,0,0,11,0,Good
GET,b'/scripts/23986-0d2f9.mjs',b'',0,0,0,0,10,0,Good
GET,b'/scripts/72c3f-fbb57.mjs',b'',0,0,0,0,10,0,Good
GET,b'/revamp/sft-bundle.js?modern=1',b'',0,0,0,0,10,0,Good
HEAD,b'/revamp/sft-bundle.js?modern=1',b'',0,0,0,0,10,0,Good
GET,b'/a8ff32f4-78c7-4428-825d-0badb488b68b/loader.js?target=en.softonic.com',b'',0,0,0,0,10,0,Good
GET,b'/scripts/chunk7-8f2345.mjs',b'',0,0,0,0,10,0,Good
GET,b'/scripts/chunk1-04b7c2.mjs',b'',0,0,0,0,10,0,Good
GET,b'/scripts/chunk0-fb7c39.mjs',b'',0,0,0,0,10,0,Good
GET,b'/scripts/chunk4-e210a1.mjs',b'',0,0,0,0,10,0,Good
GET,b'/scripts/chunk19-e754a0.mjs',b'',0,0,0,0,10,0,Good
GET,b'/sdk/ca54c4e95073cc7d42f19c3869a37882ee5f25dd/modern/sdk.ca54c4e95073cc7d42f19c3869a37882ee5f25dd.js',b'',0,0,0,0,10,0,Good
GET,b'/download',b'',0,0,0,0,24,0,Good
GET,b'/scripts/chunk12-a4fc47.mjs',b'',0,0,0,0,10,0,Good
GET,b'/download-launch?token=eyJhbGciOiJIUzI1NiIsInR5cCI6IkpXVCJ9.eyJkb3dubG9hZFR5cGUiOiJyaXNlSW5zdGFsbGVyIiwiZG93bmxvYWRVcmwiOiJodHRwczovL2QyOW4xdnR4MG1xajhrLmNsb3VkZnJvbnQubmV0L3Zlci9pbi92OC4yNzEuNDA1LjQwLjciLCJhcHBJZCI6IjBmYTIxNjFhLTliMjctMTFlNi05NTI3LTAwMTYzZWM5ZjVmYSIsInBsYXRmb3JtSWQiOiJ3aW5kb3dzIiwiaWF0IjoxNzI2NDY5MTIyLCJleHAiOjE3MjY0NzI3MjJ9.ySb_CGFSQrue7cBWdRvOgC25s36TNeGJrS5-fX2xRkw',b'',0,0,0,0,23,0,Good
GET,b'/download-launch?token=eyJhbGciOiJIUzI1NiIsInR5cCI6IkpXVCJ9.eyJkb3dubG9hZFR5cGUiOiJyaXNlSW5zdGFsbGVyIiwiZG93bmxvYWRVcmwiOiJodHRwczovL2QyOW4xdnR4MG1xajhrLmNsb3VkZnJvbnQubmV0L3Zlci9pbi92OC4yNzEuNDA1LjQwLjciLCJhcHBJZCI6IjBmYTIxNjFhLTliMjctMTFlNi05NTI3LTAwMTYzZWM5ZjVmYSIsInBsYXRmb3JtSWQiOiJ3aW5kb3dzIiwiaWF0IjoxNzI2NDY5MTIyLCJleHAiOjE3MjY0NzI3MjJ9.ySb_CGFSQrue7cBWdRvOgC25s36TNeGJrS5-fX2xRkw',b'',0,0,0,0,23,0,Good
GET,b'/_next/static/chunks/pages/news/all-c381aed01a65fed8.js',b'',0,0,0,0,12,0,Good
GET,b'/gh/uBlockOrigin/uAssetsCDN@main/patches/2024.9.15.1282.patch',b'',0,0,0,0,10,0,Good
GET,b'/_next/static/chunks/4026-4fb8d96c5595f053.js',b'',0,0,0,0,12,0,Good
GET,b'/_next/static/chunks/pages/index-2dedc8b7c3d3f912.js',b'',0,0,0,0,12,0,Good
GET,b'/_next/static/chunks/3967-25c102c6d77eaca8.js',b'',0,0,0,0,12,0,Good
GET,b'/_next/data/3UIuZ2gcwLN6HydRjAaxT/index.json',b'',0,2,0,0,12,0,Good
POST,b'/api/v1/curated-recommendations',"b'{""locale"":""en-US"",""region"":""IN"",""topics"":[]}'",0,10,0,1,10,0,Good
